state,year,month,ui_first_payments_total,ui_pct_within_21_days,ui_avg_days_to_first_payment_approx
Alabama,2020,1,8680,96.69354838709677,8.623847926267281
Alabama,2020,2,4565,98.20372398685652,8.128696604600218
Alabama,2020,3,12614,99.7383859204059,7.333003012525765
Alabama,2020,4,346674,94.94222237606512,9.604445386732204
Alabama,2020,5,143323,81.96660689491569,12.265163302470643
Alabama,2020,6,61340,89.7114444082165,11.455714052820346
Alabama,2020,7,48038,93.7611890586619,9.83132103751197
Alabama,2020,8,21008,89.8038842345773,11.1178360624524
Alabama,2020,9,12563,89.5964339727772,11.60208548913476
Alabama,2020,10,12496,91.89340588988476,10.251680537772087
Alabama,2020,11,7344,88.24891067538127,11.088303376906318
Alabama,2020,12,8369,87.13107898195722,11.399689329669016
Alabama,2021,1,13933,89.69353333811813,10.70544749874399
Alabama,2021,2,12332,89.92053194939994,11.011393123580927
Alabama,2021,3,12577,90.62574540828496,11.163791047149559
Alabama,2021,4,21919,93.56266253022491,10.220493635658562
Alabama,2021,5,8918,85.17604844135457,12.465743440233236
Alabama,2021,6,7284,84.58264689730916,12.502471169686984
Alabama,2021,7,9839,86.41122065250534,11.802774672222787
Alabama,2021,8,5496,77.89301310043668,15.081968704512372
Alabama,2021,9,4898,84.29971416904858,11.955798285014291
Alabama,2021,10,5116,87.86161063330728,10.518275996872557
Alabama,2021,11,4942,89.15418858761635,9.822946175637394
Alabama,2021,12,4624,86.09429065743944,10.894679930795848
Alabama,2022,1,5324,87.13373403456049,10.893407212622089
Alabama,2022,2,3469,81.46439896223696,12.473191121360623
Alabama,2022,3,3644,85.45554335894622,10.998627881448957
Alabama,2022,4,3540,87.34463276836159,10.594491525423729
Alabama,2022,5,5380,89.23791821561339,9.266449814126394
Alabama,2022,6,4656,88.1872852233677,10.630154639175258
Alabama,2022,7,5889,87.02665987434199,10.832144676515538
Alabama,2022,8,3493,84.05382192957343,11.676782135699971
Alabama,2022,9,2837,84.27916813535424,12.344554106450476
Alabama,2022,10,2725,87.26605504587155,10.734862385321101
Alabama,2022,11,2923,88.1628463906945,10.508210742387957
Alabama,2022,12,4696,89.20357751277683,10.256920783645656
Alabama,2023,1,7182,89.2926761347814,9.97145641882484
Alabama,2023,2,5206,86.72685363042643,10.519880906646177
Alabama,2023,3,2667,85.86426696662917,11.44206974128234
Alabama,2023,4,2484,88.88888888888889,10.055958132045088
Alabama,2023,5,2875,89.28695652173914,10.348173913043478
Alabama,2023,6,3383,89.9497487437186,9.89225539462016
Alabama,2023,7,4354,88.2636655948553,10.27411575562701
Alabama,2023,8,3857,86.07726212081928,11.606040964480165
Alabama,2023,9,3844,87.92924037460979,10.38423517169615
Alabama,2023,10,4258,92.555190230155,8.340300610615312
Alabama,2023,11,3753,92.88569144684253,8.302957633892886
Alabama,2023,12,5392,92.45178041543026,8.101446587537092
Alabama,2024,1,7046,90.46267385750781,9.435992052228215
Alabama,2024,2,4216,88.61480075901328,9.876067362428843
Alabama,2024,3,3803,88.82461214830397,9.272022087825402
Alabama,2024,4,4195,89.55899880810489,9.483909415971395
Alabama,2024,5,5004,89.26858513189448,9.512390087929656
Alabama,2024,6,5285,88.83632923368022,9.820340586565752
Alabama,2024,7,7471,90.40289117922634,9.067260072279481
Alabama,2024,8,6009,84.70627392244965,11.503411549342653
Alabama,2024,9,5035,81.62859980139027,13.446077457795433
Alabama,2024,10,4467,78.26281620774569,15.109469442578913
Alabama,2024,11,4220,78.43601895734598,14.347748815165877
Alabama,2024,12,6794,83.72093023255815,12.138872534589343
Alabama,2025,1,7130,90.2805049088359,9.94859747545582
Alabama,2025,2,4896,86.31535947712419,10.999897875816993
Alabama,2025,3,5357,87.54900130670151,10.807354862796341
Alabama,2025,4,4469,91.89975385992392,9.711009174311927
Alabama,2025,5,4297,90.15592273679312,9.851175238538515
Alabama,2025,6,5731,87.17501308672134,10.625196300820102
Alabama,2025,7,6210,88.38969404186795,10.276650563607085
Alabama,2025,8,4831,85.38604843717657,11.359138894638791
Alabama,2025,9,4696,88.22402044293015,10.39853066439523
Alabama,2025,10,4491,90.603429080383,9.926519706078825
Alabama,2025,11,3798,85.62401263823065,10.832411795681939
Alabama,2025,12,5442,82.41455347298788,12.186420433664095
Alabama,2026,1,6587,86.7162592986185,11.312509488386215
Alabama,2026,2,4306,88.27217835578263,10.567696237807711
Alabama,2026,3,4307,89.48223821685627,10.41653122823311
Alabama,2026,4,3551,91.4953534215714,9.86116586876936
Alabama,2026,5,3852,92.0301142263759,9.604880581516095
Alabama,2026,6,4761,92.92165511447175,9.449800462087797
Alabama,2026,7,5063,92.11929685956942,9.76407268417934
Alabama,2026,8,3596,92.88097886540601,9.717602892102336
Alaska,2020,1,3839,97.57749413909872,8.749283667621777
Alaska,2020,2,3013,97.2784600066379,8.814304679721207
Alaska,2020,3,3729,97.96192008581389,8.365379458299813
Alaska,2020,4,58007,70.3484062268347,13.7937576499388
Alaska,2020,5,19731,85.45436115756931,11.493715473113374
Alaska,2020,6,11616,83.53133608815428,13.231620179063361
Alaska,2020,7,6339,87.86874901404008,11.829310616816533
Alaska,2020,8,3835,88.57887874837027,11.420990873533247
Alaska,2020,9,3615,90.09681881051176,10.368188105117566
Alaska,2020,10,3993,92.43676433759079,9.890182819934886
Alaska,2020,11,5192,94.58782742681048,9.046224961479199
Alaska,2020,12,6491,93.1289477738407,9.208750577723
Alaska,2021,1,4577,91.5228315490496,10.009722525671837
Alaska,2021,2,4684,92.27156276686593,9.63599487617421
Alaska,2021,3,4610,94.40347071583514,9.181344902386117
Alaska,2021,4,5038,94.54148471615721,8.97905915045653
Alaska,2021,5,3399,94.11591644601354,9.017652250661959
Alaska,2021,6,3354,92.66547406082289,10.176058437686345
Alaska,2021,7,2024,87.40118577075098,13.028903162055336
Alaska,2021,8,1745,87.16332378223495,11.969340974212034
Alaska,2021,9,2714,93.99410464259395,8.974944731024319
Alaska,2021,10,1912,93.82845188284519,8.95842050209205
Alaska,2021,11,3337,96.1042852861852,8.570722205573869
Alaska,2021,12,3208,96.00997506234414,8.542394014962593
Alaska,2022,1,2687,96.01786378861183,8.49497580945292
Alaska,2022,2,2060,96.99029126213591,8.274514563106797
Alaska,2022,3,1832,97.81659388646288,8.260098253275109
Alaska,2022,4,1443,96.74289674289675,8.371101871101871
Alaska,2022,5,1306,96.01837672281776,8.55551301684533
Alaska,2022,6,1449,97.30848861283644,8.201173222912354
Alaska,2022,7,1332,97.52252252252252,8.308933933933934
Alaska,2022,8,943,95.864262990456,8.688759278897138
Alaska,2022,9,870,95.28735632183908,9.001149425287357
Alaska,2022,10,1136,96.83098591549296,8.524647887323944
Alaska,2022,11,2519,96.74473997618102,8.284636760619293
Alaska,2022,12,2471,96.68150546337515,8.443747470659652
Alaska,2023,1,2625,96.0,8.490666666666666
Alaska,2023,2,2128,94.12593984962406,9.054981203007518
Alaska,2023,3,1489,93.48556077904634,9.414036265950303
Alaska,2023,4,1192,97.14765100671141,8.283137583892618
Alaska,2023,5,1143,95.88801399825022,8.562554680664917
Alaska,2023,6,1216,96.38157894736842,8.6015625
Alaska,2023,7,1017,96.7551622418879,8.62094395280236
Alaska,2023,8,948,95.78059071729957,8.908755274261603
Alaska,2023,9,794,96.22166246851386,8.67758186397985
Alaska,2023,10,1477,96.9532836831415,8.397765741367637
Alaska,2023,11,2177,97.65732659623335,8.132062471290768
Alaska,2023,12,2112,97.34848484848484,8.154592803030303
Alaska,2024,1,2512,97.57165605095541,8.154657643312103
Alaska,2024,2,1649,97.81685870224378,8.147362037598544
Alaska,2024,3,1215,97.6954732510288,8.263786008230452
Alaska,2024,4,1306,97.01378254211332,8.368683001531394
Alaska,2024,5,1104,97.64492753623189,8.327445652173912
Alaska,2024,6,1155,96.45021645021646,8.519480519480519
Alaska,2024,7,1203,97.1737323358271,8.346633416458852
Alaska,2024,8,825,95.03030303030303,8.804848484848485
Alaska,2024,9,913,93.75684556407448,9.435377875136911
Alaska,2024,10,1365,97.06959706959707,8.384981684981685
Alaska,2024,11,1948,98.30595482546201,7.916837782340862
Alaska,2024,12,2280,97.45614035087719,8.222149122807018
Alaska,2025,1,2229,96.27635711081203,8.482054733064155
Alaska,2025,2,1696,95.99056603773585,8.721108490566039
Alaska,2025,3,1235,95.87044534412955,8.75425101214575
Alaska,2025,4,1404,94.44444444444444,8.85505698005698
Alaska,2025,5,1102,95.4627949183303,8.828493647912886
Alaska,2025,6,1232,95.8603896103896,8.634334415584416
Alaska,2025,7,1331,96.69421487603306,8.570623591284749
Alaska,2025,8,837,94.38470728793308,9.08363201911589
Alaska,2025,9,938,95.0959488272921,8.809701492537313
Alaska,2025,10,1324,95.31722054380664,8.8987915407855
Alaska,2025,11,1820,95.6043956043956,8.568956043956044
Alaska,2025,12,2498,96.79743795036029,8.485388310648519
Alaska,2026,2,1659,95.23809523809523,8.82157926461724
Alaska,2026,3,1217,96.38455217748562,8.436318816762531
Alaska,2026,4,1304,96.62576687116564,8.39340490797546
Alaska,2026,5,1066,97.37335834896811,8.208724202626641
Alaska,2026,6,1280,96.40625,8.425
Alaska,2026,7,1059,95.65627950897073,8.60056657223796
Arizona,2020,1,5913,93.75951293759512,9.987231523761205
Arizona,2020,2,5712,91.45658263305322,10.445728291316527
Arizona,2020,3,13313,96.7174941786224,8.706903027116352
Arizona,2020,4,287918,94.88604394306712,9.131787522836364
Arizona,2020,5,87099,83.91944798447743,12.946606734864924
Arizona,2020,6,107987,72.43186679878133,17.762781631122266
Arizona,2020,7,37610,92.36373304972082,10.093698484445627
Arizona,2020,8,55898,66.81634405524348,20.12250885541522
Arizona,2020,9,19360,74.82438016528926,13.574302685950412
Arizona,2020,10,13546,82.00944928392146,11.786689797726266
Arizona,2020,11,12345,84.05022276225192,11.5212231672742
Arizona,2020,12,13446,86.59824483117656,10.65577123308047
Arizona,2021,1,18929,90.8975645834434,9.640472291193406
Arizona,2021,2,18046,89.36052310761387,9.964064058517122
Arizona,2021,3,10930,87.51143641354071,10.793595608417201
Arizona,2021,4,17680,90.07918552036199,9.773076923076923
Arizona,2021,5,19113,82.89122586721079,12.012792340291949
Arizona,2021,6,13915,81.8900467121811,12.54505928853755
Arizona,2021,7,12010,87.02747710241465,10.647710241465445
Arizona,2021,8,9065,82.20628792057364,11.662548262548263
Arizona,2021,9,1490,100.0,7.890268456375839
Arizona,2021,10,3740,94.7326203208556,9.241577540106952
Arizona,2021,11,3725,92.64429530201342,10.071140939597315
Arizona,2021,12,3341,92.93624663274468,9.999551032624963
Arizona,2022,1,3883,93.07236672675766,9.883595158382693
Arizona,2022,2,3808,93.61869747899159,9.699185924369749
Arizona,2022,3,4287,90.24959178912992,10.542920457196175
Arizona,2022,4,6772,95.15652687536917,8.988629651506201
Arizona,2022,5,8383,93.84468567338662,9.036383156387927
Arizona,2022,6,8326,87.78525102089839,10.491292337256786
Arizona,2022,7,9457,92.3760177646188,9.426720947446336
Arizona,2022,8,8870,83.34836527621195,11.632243517474633
Arizona,2022,9,5793,78.71569135163128,12.886069394096323
Arizona,2022,10,5812,81.41775636613903,12.424896765313145
Arizona,2022,11,6365,79.32443047918302,13.179183032207384
Arizona,2022,12,6350,79.71653543307087,12.471023622047245
Arizona,2023,1,7042,84.93325759727351,11.090528259017324
Arizona,2023,2,6373,88.1217636905696,10.441314922328573
Arizona,2023,3,6730,84.84398216939078,11.266419019316494
Arizona,2023,4,7499,87.13161754900653,10.644019202560342
Arizona,2023,5,12654,89.11016279437331,9.961948790896159
Arizona,2023,6,10705,82.81177020084073,11.375712283979448
Arizona,2023,7,12215,85.56692591076546,10.596234138354482
Arizona,2023,8,9615,78.37753510140406,12.04591783671347
Arizona,2023,9,6228,75.44958253050739,13.449582530507387
Arizona,2023,10,6760,75.41420118343196,14.547189349112426
Arizona,2023,11,6479,75.50547924062356,15.128877913258219
Arizona,2023,12,6159,71.14791362234129,16.821561941873682
Arizona,2024,1,7179,73.91001532246831,16.375539768770025
Arizona,2024,2,6582,70.82953509571558,16.758128228501974
Arizona,2024,3,7180,75.18105849582173,15.086281337047353
Arizona,2024,4,9995,84.1320660330165,11.78144072036018
Arizona,2024,5,11460,79.68586387434556,12.722600349040139
Arizona,2024,6,10458,79.75712373302734,12.666427615222796
Arizona,2024,7,13498,82.81967698918359,11.821121647651504
Arizona,2024,8,9687,77.20656550015484,13.232528130484154
Arizona,2024,9,8342,76.5763605849916,13.863521937185327
Arizona,2024,10,8443,79.45043231079,13.083856449129456
Arizona,2024,11,6973,87.22214254983508,10.974186146565323
Arizona,2024,12,6983,91.88028068165545,10.008950307890592
Arizona,2025,1,6964,92.17403790924756,9.885338885697875
Arizona,2025,2,6976,88.89048165137615,10.362385321100918
Arizona,2025,3,9091,91.50808491915082,9.812671873281268
Arizona,2025,4,12005,94.16076634735528,9.250145772594752
Arizona,2025,5,11679,94.46870451237264,9.195778748180494
Arizona,2025,6,11474,92.58323165417465,9.569984312358375
Arizona,2025,7,9813,92.652603688984,9.274788545806583
Arizona,2025,8,21459,77.53856190875624,14.276690432918588
Arizona,2025,9,3905,94.95518565941101,9.580409731113956
Arizona,2025,10,2559,88.58929269245799,11.160023446658851
Arizona,2025,11,11906,63.522593650260376,20.802914496892324
Arizona,2025,12,5592,78.64806866952789,12.467542918454935
Arizona,2026,1,7823,80.59567940687715,12.259491243768375
Arizona,2026,2,6847,82.6055206659851,11.548196290346137
Arizona,2026,3,7684,80.16657990629881,12.006962519521084
Arizona,2026,4,8501,90.17762616162804,10.351429243618398
Arizona,2026,5,10962,89.81937602627258,10.50752599890531
Arizona,2026,6,10562,89.0456352963454,10.676765764059837
Arizona,2026,7,8648,88.03191489361703,11.086609620721553
Arizona,2026,8,8546,84.28504563538498,12.576117481862859
Arkansas,2020,1,8481,97.20551821719137,8.428664072632944
Arkansas,2020,2,5580,96.54121863799283,8.68037634408602
Arkansas,2020,3,33399,99.52393784245037,7.687685260037726
Arkansas,2020,4,154742,93.27848935647724,9.269148001189077
Arkansas,2020,5,62535,81.97329495482529,12.900743583593188
Arkansas,2020,6,32149,85.40545584621606,13.016159134032163
Arkansas,2020,7,39211,94.99120144857311,9.324526280890566
Arkansas,2020,8,12418,88.69383153486874,12.443710742470607
Arkansas,2020,9,10195,94.29131927415399,9.349534085335948
Arkansas,2020,10,6992,95.92391304347827,8.306993707093822
Arkansas,2020,11,6415,94.77786438035854,8.501636788776306
Arkansas,2020,12,7050,95.36170212765957,8.512340425531915
Arkansas,2021,1,8242,95.53506430478039,8.694188303809755
Arkansas,2021,2,6127,92.96556226538273,9.055002448180186
Arkansas,2021,3,5685,93.10466138962181,9.060510114335973
Arkansas,2021,4,6003,97.83441612527069,7.810511410961186
Arkansas,2021,5,6121,96.96128083646462,7.691145237706257
Arkansas,2021,6,6059,96.89717775210431,8.021125598283545
Arkansas,2021,7,7265,98.30695113558156,7.63792154163799
Arkansas,2021,8,3887,95.11191149987137,8.45279135580139
Arkansas,2021,9,2447,94.76910502656314,8.258275439313445
Arkansas,2021,10,2968,96.93396226415094,7.66711590296496
Arkansas,2021,11,2907,97.48882008943929,7.302545579635363
Arkansas,2021,12,3417,97.95141937371965,7.6002341235001465
Arkansas,2022,1,6129,97.50367107195301,7.914667971936694
Arkansas,2022,2,3005,85.12479201331115,14.18369384359401
Arkansas,2022,3,3371,73.68733313556808,16.967368733313556
Arkansas,2022,4,3100,85.48387096774194,11.068064516129033
Arkansas,2022,5,4102,95.39249146757679,8.881886884446612
Arkansas,2022,6,5113,94.56287893604537,8.928613338548796
Arkansas,2022,7,4689,90.72296865003199,9.586265728300278
Arkansas,2022,8,4589,93.98561778165177,9.19198082370887
Arkansas,2022,9,3293,94.19981779532341,9.559672031582144
Arkansas,2022,10,3393,95.60860595343354,9.029619805481875
Arkansas,2022,11,3863,93.0882733626715,9.414574165156614
Arkansas,2022,12,3435,92.80931586608443,9.502183406113538
Arkansas,2023,1,3916,81.28192032686414,11.999872318692544
Arkansas,2023,2,3572,64.36170212765957,16.297592385218366
Arkansas,2023,3,3334,69.70605878824236,16.41361727654469
Arkansas,2023,4,2655,78.04143126177024,14.534651600753296
Arkansas,2023,5,3957,82.13292898660602,12.801238311852414
Arkansas,2023,6,5742,84.79623824451411,12.908220132358064
Arkansas,2023,7,5977,82.48285092855949,13.554542412581563
Arkansas,2023,8,4132,76.88770571151984,15.257260406582768
Arkansas,2023,9,3356,79.23122765196663,14.368444576877234
Arkansas,2023,10,3353,83.41783477482852,13.890396659707724
Arkansas,2023,11,3464,82.07274826789839,15.11734988452656
Arkansas,2023,12,5029,86.79657983694572,13.176774706701133
Arkansas,2024,1,5646,87.56641870350691,13.782412327311372
Arkansas,2024,2,3965,82.77427490542244,16.189281210592686
Arkansas,2024,3,3605,76.64355062413316,17.79389736477115
Arkansas,2024,4,3563,75.10524838619142,17.005472916081953
Arkansas,2024,5,4210,76.34204275534442,13.52624703087886
Arkansas,2024,6,5459,88.97233925627404,10.405751969225133
Arkansas,2024,7,4653,88.86739737803568,10.176767676767676
Arkansas,2024,8,3584,82.14285714285714,11.640625
Arkansas,2024,9,3491,79.40418218275566,12.91291893440275
Arkansas,2024,10,3456,82.63888888888889,11.310185185185185
Arkansas,2024,11,2962,82.10668467251857,11.978224172856178
Arkansas,2024,12,4431,88.490182802979,10.975287745429926
Arkansas,2025,1,4553,86.14100593015594,12.761256314517901
Arkansas,2025,2,3349,81.24813377127501,14.332039414750671
Arkansas,2025,3,3056,80.13743455497382,14.851767015706807
Arkansas,2025,4,3357,77.45010425975573,15.543193327375633
Arkansas,2025,5,3588,79.93311036789298,13.47324414715719
Arkansas,2025,6,5972,83.13797722705961,12.277377762893503
Arkansas,2025,7,5108,89.35003915426782,9.984631949882537
Arkansas,2025,8,3683,93.80939451534076,9.759571001900625
Arkansas,2025,9,3673,95.80724203648245,9.13762591886741
Arkansas,2025,10,3927,96.20575502928445,9.101604278074866
Arkansas,2025,11,3806,95.29689963215975,9.067262217551235
Arkansas,2025,12,4674,92.14805305947796,9.67918271287976
Arkansas,2026,1,3679,89.20902419135635,10.716634955150857
Arkansas,2026,2,2736,88.3406432748538,11.044407894736842
Arkansas,2026,3,2869,93.69118159637505,9.7551411641687
Arkansas,2026,4,2629,95.20730315709395,9.295549638645873
Arkansas,2026,5,3084,93.57976653696498,9.37970168612192
Arkansas,2026,6,3948,95.18743667679837,9.307370820668693
Arkansas,2026,7,3335,95.17241379310344,9.344827586206897
California,2020,1,183161,87.19978598063999,10.863903887836384
California,2020,2,139816,86.47222063283172,11.054442982205185
California,2020,3,408181,94.54384207006206,10.333138975111531
California,2020,4,3990939,80.4438253754317,13.040221737290397
California,2020,5,1578373,85.29099268677302,12.576156586560971
California,2020,6,841388,78.56006978944315,14.71360418736659
California,2020,7,645831,84.3263949856851,13.277938036421293
California,2020,8,462283,82.2619477679257,13.628533820192393
California,2020,9,299216,80.84794930752366,13.992692569916047
California,2020,10,217810,72.21293788163996,15.751345209127221
California,2020,11,190889,85.60577089303207,12.95937429605687
California,2020,12,198755,87.24258509219894,12.124532716158084
California,2021,1,163934,83.35000671001744,12.807861700440421
California,2021,2,181472,62.41954681713984,17.838958627226237
California,2021,3,182762,70.44407480767336,16.694449612063778
California,2021,4,266349,75.66576183879046,14.75809370412504
California,2021,5,299968,67.4451941540431,18.35667137828035
California,2021,6,218631,71.15322163828552,17.8693346323257
California,2021,7,182858,74.22426144877446,15.833540233405156
California,2021,8,152919,75.19405698441659,15.687138288898044
California,2021,9,139868,76.31266622815798,15.887561844024367
California,2021,10,173017,74.30194720749984,15.433610570059589
California,2021,11,114128,86.42489135006308,11.575371512687509
California,2021,12,117851,88.32678551730575,10.610563338452792
California,2022,1,146501,89.09154203725572,10.499918089296319
California,2022,2,127566,84.86430553595787,11.799319567909945
California,2022,3,133685,82.81781800501177,13.20034783259154
California,2022,4,127138,85.43000519120956,12.071170696408627
California,2022,5,127750,85.43326810176126,11.732681017612524
California,2022,6,106175,85.50788792088532,11.585142453496585
California,2022,7,127598,85.69491684822647,11.375335036599319
California,2022,8,124424,82.15296084356716,12.681279335176493
California,2022,9,103380,81.75469142967692,13.14575836718901
California,2022,10,108479,83.79409839692475,12.48248048009292
California,2022,11,123273,83.18042069228461,12.054569938267099
California,2022,12,155012,85.05857611023663,11.326800505767295
California,2023,1,209841,88.87919901258572,10.42362312417497
California,2023,2,165611,86.81669695853536,11.055941332399417
California,2023,3,151304,86.4286469624068,11.265422592925502
California,2023,4,154578,85.0023936135802,11.343910517667457
California,2023,5,138286,87.46944737717483,10.86925646847837
California,2023,6,151031,88.25075646721534,10.763343287139726
California,2023,7,163684,89.25368392756775,10.46603516531854
California,2023,8,145267,87.32540769755003,11.031834484087922
California,2023,9,114743,88.26507935124582,10.780221887173946
California,2023,10,133118,91.00196817860845,10.163069607415977
California,2023,11,136868,91.50130052313177,9.938491831545722
California,2023,12,149520,91.19716425896202,9.955373863028358
California,2024,1,191868,89.6757145537557,10.191597869368524
California,2024,2,165385,88.78556096381172,10.567775191220486
California,2024,3,157129,88.46616474361831,10.841550573095992
California,2024,4,137928,90.89959979119541,10.186691607215359
California,2024,5,134412,89.46671428146297,10.499118382287296
California,2024,6,145479,89.28573883515834,10.502742663889634
California,2024,7,169095,88.912741358408,10.597442266181732
California,2024,8,138731,90.2617295341344,10.322869437977092
California,2024,9,124514,89.93928393594295,10.37626692580754
California,2024,10,123674,90.55905040671442,10.254742306386143
California,2024,11,128127,90.41732031499996,10.138081747016631
California,2024,12,167738,89.87766636063384,10.27104770535001
California,2025,1,193544,89.90358781465714,10.36784142107221
California,2025,2,164628,89.27156984231115,10.511492577204363
California,2025,3,156030,89.88976478882266,10.486457732487342
California,2025,4,143235,90.8360386776975,10.2140817537613
California,2025,5,129339,91.10709066870781,10.122847710280736
California,2025,6,153771,91.15437891409954,10.084359209473828
California,2025,7,166824,90.07996451349925,10.23705222270177
California,2025,8,134598,89.83714468268474,10.280862271356186
California,2025,9,127445,88.84303032680764,10.609847385146534
California,2025,10,130351,91.78142093271245,9.959578369172466
California,2025,11,136570,92.14468770593834,9.736354982792706
California,2025,12,157984,91.09656674093578,10.067079577678752
California,2026,1,187569,92.25511678369027,9.679491280542093
California,2026,2,151956,92.20629655953039,9.776685356287347
California,2026,3,144687,92.58813853352409,9.692131981449611
California,2026,4,126905,92.35333517197904,9.7906386667192
California,2026,5,125029,92.43375536875445,9.682441673531741
California,2026,6,139491,92.7672753080844,9.629635603730707
California,2026,7,153921,93.26797513009922,9.495588646123661
California,2026,8,132079,92.75585066513223,9.577567213561581
Colorado,2020,1,12451,95.71921933981207,9.215243755521644
Colorado,2020,2,9959,94.71834521538307,9.660206848077117
Colorado,2020,3,42351,98.60924181247196,10.503411961937145
Colorado,2020,4,403915,87.64145921790475,11.720170085290222
Colorado,2020,5,175461,91.8637190030833,11.896193456095656
Colorado,2020,6,80975,90.48595245446126,12.52956468045693
Colorado,2020,7,51060,92.18762240501371,11.647248335291813
Colorado,2020,8,38097,91.95737197154632,11.576961440533376
Colorado,2020,9,25471,92.07333830630914,11.501845235758314
Colorado,2020,10,23589,93.54360083089576,11.158569672304887
Colorado,2020,11,29452,93.98343066684775,11.201174792883336
Colorado,2020,12,65014,94.36275263789338,11.130594948780264
Colorado,2021,1,43882,95.1962080123969,10.117280433890889
Colorado,2021,2,33817,94.44953721501021,8.99667327084011
Colorado,2021,3,119925,97.67437982072128,8.169776943923285
Colorado,2021,4,27814,92.29524699791472,9.800478176457899
Colorado,2021,5,25089,89.86009805093866,10.683606361353581
Colorado,2021,6,20041,89.5813582156579,10.518187715183872
Colorado,2021,7,18914,86.84043565612774,11.066326530612244
Colorado,2021,8,11360,80.13204225352113,12.972447183098591
Colorado,2021,9,13637,86.25064163672363,11.485700667302192
Colorado,2021,10,6302,71.64392256426531,17.644160583941606
Colorado,2021,11,5889,75.80234335201223,16.702411275258957
Colorado,2021,12,7733,77.52489331436699,16.472714341135394
Colorado,2022,1,8455,84.58900059136606,13.82454169130692
Colorado,2022,2,6164,82.13822193380922,13.253163530175211
Colorado,2022,3,6690,83.12406576980568,13.098953662182362
Colorado,2022,4,7647,85.4321956322741,11.205440041846476
Colorado,2022,5,6710,88.39046199701937,9.957973174366616
Colorado,2022,6,6600,89.93939393939394,9.552348484848485
Colorado,2022,7,6721,88.1267668501711,10.484972474334176
Colorado,2022,8,7675,87.93485342019544,10.366905537459283
Colorado,2022,9,7475,84.76254180602007,11.816655518394649
Colorado,2022,10,7517,87.9872289477185,10.520154316881735
Colorado,2022,11,8203,86.87065707667927,10.845727172985493
Colorado,2022,12,9829,84.44399226777902,11.733950554481636
Colorado,2023,1,12161,88.90716223994737,10.806759312556533
Colorado,2023,2,24305,74.36329973256531,17.502880065830077
Colorado,2023,3,17355,77.42437337942955,13.781936041486603
Colorado,2023,4,10409,93.14055144586416,9.694447113075224
Colorado,2023,5,9443,92.85184792968336,9.813936249073388
Colorado,2023,6,11048,90.92143374366401,10.324538377986967
Colorado,2023,7,8356,82.922450933461,12.982407850646242
Colorado,2023,8,10429,76.64205580592578,13.358040080544635
Colorado,2023,9,10603,70.04621333584834,16.464491181741018
Colorado,2023,10,11320,75.40636042402828,15.353180212014134
Colorado,2023,11,11196,73.27617006073598,16.127813504823152
Colorado,2023,12,13441,72.10773007960717,16.44665575478015
Colorado,2024,1,17651,73.3782788510566,15.930853775990029
Colorado,2024,2,15856,70.40237134207871,15.90946644803229
Colorado,2024,3,13076,67.65830529213827,16.972124502906087
Colorado,2024,4,12353,70.95442402655226,16.559580668663482
Colorado,2024,5,15200,73.53289473684211,14.827861842105262
Colorado,2024,6,13650,78.75457875457876,14.007875457875459
Colorado,2024,7,13579,78.06907725163856,13.866742764562929
Colorado,2024,8,14545,81.7806806462702,11.948985905809556
Colorado,2024,9,11281,87.0046981650563,10.562494459711019
Colorado,2024,10,13258,86.46100467642178,11.089229144667371
Colorado,2024,11,12428,89.72481493401996,10.041438686836177
Colorado,2024,12,15410,88.56586632057106,10.173588578844907
Colorado,2025,1,17156,86.30799720214503,10.772586850081604
Colorado,2025,2,15152,84.23970432946146,11.086325237592398
Colorado,2025,3,14884,79.50819672131148,12.018241064230045
Colorado,2025,4,14961,80.06817726087829,12.178697947998128
Colorado,2025,5,15741,83.16498316498317,11.550949749062957
Colorado,2025,6,14694,86.02831087518716,10.943412277119913
Colorado,2025,7,16754,85.28709561895667,11.013459472364808
Colorado,2025,8,15955,79.0911939830774,12.023879661548104
Colorado,2025,9,15221,83.90381709480323,11.32376322186453
Colorado,2025,10,16286,87.07478816161121,10.930154734127472
Colorado,2025,11,15957,86.77069624616156,10.844895657078398
Colorado,2025,12,16968,82.80292314945781,11.42653818953324
Colorado,2026,1,20153,79.67052051803701,12.05406143006004
Colorado,2026,2,17072,77.36059044048734,12.406484301780694
Colorado,2026,3,17377,79.09880877021351,12.35846233527076
Colorado,2026,4,17350,88.12103746397695,10.716455331412103
Colorado,2026,5,16301,88.93932887552911,10.456352371020182
Colorado,2026,6,16581,90.09106808998251,10.263645135999035
Colorado,2026,7,16759,90.50659347216421,10.156602422578914
Connecticut,2020,1,32986,91.19323349299702,9.996589462196082
Connecticut,2020,2,16008,85.01374312843578,11.532265117441279
Connecticut,2020,3,57195,96.35282804440948,9.191712562286913
Connecticut,2020,4,359093,81.52846198617071,11.545426950678515
Connecticut,2020,5,129721,75.73099189799647,14.258061532057262
Connecticut,2020,6,80760,72.76869737493809,16.490508915304606
Connecticut,2020,7,56218,75.62524458358533,13.828684762887331
Connecticut,2020,8,37368,75.74395204453009,14.881181759794476
Connecticut,2020,9,17660,88.09739524348811,12.55693657984145
Connecticut,2020,10,14521,88.09999311342193,11.515976861097721
Connecticut,2020,11,13951,87.82882947458963,11.530320407139273
Connecticut,2020,12,24338,91.86046511627907,10.217643191716657
Connecticut,2021,1,31913,88.49371729389277,10.965233603860495
Connecticut,2021,2,21702,84.81245968113538,12.253847571652383
Connecticut,2021,3,23472,89.17433537832311,11.282996762099522
Connecticut,2021,4,34025,87.38574577516532,11.236781778104335
Connecticut,2021,5,20066,82.8316555367288,13.453428685338384
Connecticut,2021,6,18818,88.42597513019449,11.590153044956956
Connecticut,2021,7,14819,90.32998178014711,10.95070517578784
Connecticut,2021,8,12202,86.23996066218653,12.869980331093263
Connecticut,2021,9,15195,91.53668970055939,10.634155972359329
Connecticut,2021,10,7930,84.9936948297604,12.796658259773015
Connecticut,2021,11,8969,87.17805775448768,12.618463596833537
Connecticut,2021,12,15878,90.83637737750347,10.6600957299408
Connecticut,2022,1,26765,93.1701849430226,9.573958527928264
Connecticut,2022,2,12942,86.53994745788904,11.553662494204914
Connecticut,2022,3,10538,85.67090529512241,11.901356993736952
Connecticut,2022,4,9858,89.8052343274498,10.322783526070197
Connecticut,2022,5,8272,86.1097678916828,11.42583413926499
Connecticut,2022,6,9550,87.94764397905759,10.997382198952879
Connecticut,2022,7,12279,79.45272416320547,13.164589950321687
Connecticut,2022,8,10839,72.2668142817603,15.734661869176124
Connecticut,2022,9,6927,69.27963043164429,18.40147249891728
Connecticut,2022,10,5643,71.096934254829,17.433280170122277
Connecticut,2022,11,7420,74.13746630727763,16.20377358490566
Connecticut,2022,12,11793,77.56296107860595,15.00330704655304
Connecticut,2023,1,22655,78.46391525049657,13.73204590598102
Connecticut,2023,2,14840,69.83153638814017,16.721327493261455
Connecticut,2023,3,12441,71.32867132867133,16.438148058837715
Connecticut,2023,4,9216,78.21180555555556,13.83175998263889
Connecticut,2023,5,9410,76.97130712008502,13.701115834218916
Connecticut,2023,6,10775,80.88167053364269,12.851044083526682
Connecticut,2023,7,15209,79.1242027746729,12.89085409954632
Connecticut,2023,8,12733,75.37108301264432,14.408387654127072
Connecticut,2023,9,7906,73.60232734631926,14.882810523652921
Connecticut,2023,10,8313,74.72633225069168,14.23745940093829
Connecticut,2023,11,8819,76.8341081755301,13.756775144574215
Connecticut,2023,12,11183,79.26316730752035,13.246087811857283
Connecticut,2024,1,24041,80.47086227694355,12.943450771598519
Connecticut,2024,2,14683,71.23203704964925,15.850098753660696
Connecticut,2024,3,10511,72.67624393492531,15.602987346589288
Connecticut,2024,4,10245,77.82332845290385,13.62557345046364
Connecticut,2024,5,9619,78.27216966420626,13.346449734899677
Connecticut,2024,6,9559,81.15911706245423,12.616068626425358
Connecticut,2024,7,16232,80.16264169541645,12.788534992607195
Connecticut,2024,8,11812,75.06772773450729,14.598289874703692
Connecticut,2024,9,7821,71.6915995397008,15.23564761539445
Connecticut,2024,10,8164,77.69475747182753,13.694083782459579
Connecticut,2024,11,7558,79.37284996030695,13.009923260121726
Connecticut,2024,12,13226,83.78950551943142,12.037350672916983
Connecticut,2025,1,22898,80.8149183334789,12.782404576818935
Connecticut,2025,2,13306,72.83180520066136,15.45750037577033
Connecticut,2025,3,10793,73.11220235337719,15.022468266469009
Connecticut,2025,4,9966,81.84828416616496,12.780403371462974
Connecticut,2025,5,8730,78.70561282932417,13.038602520045819
Connecticut,2025,6,12647,84.92923222898712,11.66497983711552
Connecticut,2025,7,15224,80.96426694692592,12.53918155543878
Connecticut,2025,8,10661,78.82937810711941,13.279288997279805
Connecticut,2025,9,7869,74.50756131655865,14.269792858050579
Connecticut,2025,10,7630,76.50065530799476,13.863368283093054
Connecticut,2025,11,7846,77.84858526637777,13.394659699209788
Connecticut,2025,12,14336,84.61216517857143,11.961844308035714
Connecticut,2026,1,24291,82.43382322670948,12.447861347824297
Connecticut,2026,2,16750,74.35223880597015,15.177820895522387
Connecticut,2026,3,13309,74.86663160267489,14.910849800886618
Connecticut,2026,4,10783,80.52490030603728,13.079245108040434
Connecticut,2026,5,9311,80.50692729030179,12.72999677800451
Connecticut,2026,6,11867,85.29535687199797,11.592062020729754
Connecticut,2026,7,16207,84.80903313383106,11.692972172518047
Delaware,2020,1,3527,90.98383895662036,9.730791040544371
Delaware,2020,2,2609,87.19816021464163,10.578382522039096
Delaware,2020,3,16191,98.02359335433265,8.054320301402013
Delaware,2020,4,48466,93.76882763174183,8.943259192010894
Delaware,2020,5,21959,82.20319686688829,12.744979279566465
Delaware,2020,6,10103,82.57943185192516,14.513560328615263
Delaware,2020,7,6150,86.3739837398374,11.774878048780488
Delaware,2020,8,3766,86.98884758364312,11.025092936802974
Delaware,2020,9,2296,84.102787456446,12.268945993031359
Delaware,2020,10,2127,87.96426892336623,10.707099200752234
Delaware,2020,11,1932,88.76811594202898,10.752329192546584
Delaware,2020,12,2636,89.83308042488619,10.521433990895297
Delaware,2021,1,3293,89.76617066504707,10.657607045247495
Delaware,2021,2,2809,88.21644713421146,10.932360270558918
Delaware,2021,3,2613,87.10294680443934,11.668962877918101
Delaware,2021,4,3575,96.13986013986015,8.326993006993007
Delaware,2021,5,5211,96.96795240836693,8.137305699481866
Delaware,2021,6,4004,96.8031968031968,8.375749250749251
Delaware,2021,7,1258,74.40381558028616,13.498410174880764
Delaware,2021,8,1320,75.75757575757575,15.048484848484849
Delaware,2021,9,1001,85.11488511488511,12.16983016983017
Delaware,2021,10,860,87.67441860465117,10.380813953488373
Delaware,2021,11,798,90.35087719298247,9.308897243107769
Delaware,2021,12,1177,88.19031435853866,10.305862361937129
Delaware,2022,1,1747,89.63938179736691,10.236405266170578
Delaware,2022,2,1412,85.33994334277621,11.439447592067989
Delaware,2022,3,1361,75.23879500367376,17.06906686260103
Delaware,2022,4,1073,80.9878844361603,12.904473438956197
Delaware,2022,5,869,82.62370540851553,11.656501726121979
Delaware,2022,6,1114,81.14901256732495,12.762567324955116
Delaware,2022,7,1472,80.77445652173914,12.111073369565217
Delaware,2022,8,1597,79.21102066374452,13.28334376956794
Delaware,2022,9,1024,76.3671875,14.46484375
Delaware,2022,10,1092,81.04395604395604,12.662087912087912
Delaware,2022,11,1355,81.1070110701107,12.194464944649447
Delaware,2022,12,1893,80.24300052826202,12.64474379292129
Delaware,2023,1,2144,84.32835820895522,11.695429104477611
Delaware,2023,2,1828,77.57111597374178,13.228665207877462
Delaware,2023,3,1612,74.44168734491315,14.646401985111662
Delaware,2023,4,1228,79.72312703583061,13.276872964169382
Delaware,2023,5,1251,76.89848121502799,13.307354116706634
Delaware,2023,6,1943,84.5084920226454,11.358723623262996
Delaware,2023,7,2100,82.28571428571428,11.61404761904762
Delaware,2023,8,1896,80.74894514767934,12.415084388185655
Delaware,2023,9,1808,75.22123893805309,13.518252212389381
Delaware,2023,10,1480,76.01351351351352,12.916216216216217
Delaware,2023,11,1690,79.28994082840237,12.16775147928994
Delaware,2023,12,2074,82.64223722275796,12.026036644165863
Delaware,2024,1,2702,84.6039970392302,11.99981495188749
Delaware,2024,2,1906,78.64637985309548,13.56663168940189
Delaware,2024,3,1349,71.75685693106004,16.027057079318013
Delaware,2024,4,1279,73.65129007036747,15.891321344800625
Delaware,2024,5,1349,75.68569310600445,15.06004447739066
Delaware,2024,6,1675,80.65671641791045,13.682388059701493
Delaware,2024,7,2191,80.14605203103605,13.617069831127338
Delaware,2024,8,1628,79.85257985257985,13.903255528255528
Delaware,2024,9,1209,78.08105872622002,14.806038047973532
Delaware,2024,10,1224,78.67647058823529,14.324754901960784
Delaware,2024,11,1166,79.84562607204117,13.461835334476843
Delaware,2024,12,1962,82.67074413863405,12.52420998980632
Delaware,2025,1,2901,84.8672871423647,11.89607032057911
Delaware,2025,2,2192,78.42153284671532,13.461906934306569
Delaware,2025,3,1341,76.80835197613722,14.712155108128263
Delaware,2025,4,1159,78.34339948231234,14.747627264883521
Delaware,2025,5,1171,77.54056362083689,14.660119555935099
Delaware,2025,6,1572,81.42493638676844,13.46469465648855
Delaware,2025,7,2410,81.12033195020747,13.349585062240664
Delaware,2025,8,1535,76.41693811074919,15.358631921824104
Delaware,2025,9,1290,75.03875968992249,15.632945736434108
Delaware,2025,10,1404,72.64957264957265,15.747150997150998
Delaware,2025,11,1264,75.79113924050634,14.834651898734178
Delaware,2025,12,1997,80.87130696044066,13.318978467701552
Delaware,2026,1,2251,84.76232785428698,11.786761439360284
Delaware,2026,2,2696,81.67655786350149,12.340875370919882
Delaware,2026,3,1535,79.60912052117264,13.294462540716612
Delaware,2026,4,1443,76.71517671517671,15.616424116424117
Delaware,2026,5,1036,76.83397683397683,14.064671814671815
Delaware,2026,6,1620,80.61728395061728,13.550308641975308
Delaware,2026,7,1951,77.8575089697591,14.10789338800615
Delaware,2026,8,1259,73.62986497220015,15.8208895949166
District of Columbia,2020,1,2935,96.76320272572401,9.211413969335604
District of Columbia,2020,2,2580,96.97674418604652,9.506589147286821
District of Columbia,2020,3,5867,98.60235213908301,8.24245781489688
District of Columbia,2020,4,73957,81.24585908027638,11.56129913328015
District of Columbia,2020,5,25121,75.936467497313,13.928287090482067
District of Columbia,2020,6,14391,76.42276422764228,15.601660760197346
District of Columbia,2020,7,10190,78.5377821393523,15.492149165848872
District of Columbia,2020,8,6531,77.491961414791,15.376052671872607
District of Columbia,2020,9,5329,82.15425032839183,13.38966034903359
District of Columbia,2020,10,4582,83.34788302051506,12.414775207333042
District of Columbia,2020,11,3325,83.00751879699249,12.203308270676692
District of Columbia,2020,12,3389,83.6825022130422,12.283712009442313
District of Columbia,2021,1,3558,86.00337268128162,10.983136593591906
District of Columbia,2021,2,3858,82.37428719543806,12.309875583203732
District of Columbia,2021,3,4682,81.7385732592909,12.995835113199487
District of Columbia,2021,4,6807,89.52548846775377,10.361906860584693
District of Columbia,2021,5,5288,79.70877458396369,13.97588880484115
District of Columbia,2021,6,4779,83.61581920903954,12.306549487340448
District of Columbia,2021,7,3453,85.46191717347234,11.337966985230235
District of Columbia,2021,8,4343,74.00414460050656,13.963849873359429
District of Columbia,2021,9,1613,82.14507129572226,13.149101053936764
District of Columbia,2021,10,5627,83.86351519459747,13.410698418340147
District of Columbia,2021,11,3829,94.38495690780883,9.288456516061634
District of Columbia,2021,12,1451,90.83390764989663,10.33459682977257
District of Columbia,2022,1,1717,94.99126383226559,9.038147932440303
District of Columbia,2022,2,797,88.58218318695107,10.508155583437892
District of Columbia,2022,3,2153,91.36089177891314,10.575011611704598
District of Columbia,2022,4,965,82.69430051813471,12.220725388601036
District of Columbia,2022,5,977,81.57625383828045,12.861821903787103
District of Columbia,2022,6,1249,78.38270616493195,13.684947958366694
District of Columbia,2022,7,1378,86.5021770682148,11.625544267053701
District of Columbia,2022,8,1980,83.03030303030303,12.17070707070707
District of Columbia,2022,9,1085,83.59447004608295,13.244700460829494
District of Columbia,2022,10,735,77.55102040816327,13.869387755102041
District of Columbia,2022,11,900,86.33333333333333,11.322222222222223
District of Columbia,2022,12,1247,86.68805132317561,12.260625501202886
District of Columbia,2023,1,1873,88.52108916177257,10.855579284570208
District of Columbia,2023,2,1953,81.00358422939068,13.363543266769073
District of Columbia,2023,3,1591,77.05845380263985,14.720930232558139
District of Columbia,2023,4,1530,76.20915032679738,14.940849673202614
District of Columbia,2023,5,2086,83.26941514860978,13.486816874400766
District of Columbia,2023,6,2061,85.29839883551674,12.54342552159146
District of Columbia,2023,7,2374,89.13226621735467,11.774431339511374
District of Columbia,2023,8,3091,85.8945325137496,12.472339048851504
District of Columbia,2023,9,2147,85.98043782021425,13.34443409408477
District of Columbia,2023,10,2336,89.29794520547945,11.964683219178083
District of Columbia,2023,11,2331,87.73058773058773,12.160231660231661
District of Columbia,2023,12,2275,89.14285714285714,12.398021978021978
District of Columbia,2024,1,2592,89.6604938271605,11.852816358024691
District of Columbia,2024,2,607,92.58649093904448,10.142504118616145
District of Columbia,2024,3,963,67.28971962616822,18.198857736240914
District of Columbia,2024,4,1461,72.21081451060917,17.528405201916495
District of Columbia,2024,5,1783,82.95008412787436,14.726864834548513
District of Columbia,2024,6,1943,86.72156459083891,12.430005146680392
District of Columbia,2024,7,2734,87.45427944403804,11.863569861009509
District of Columbia,2024,8,1950,85.94871794871794,12.19897435897436
District of Columbia,2024,9,1758,86.0637087599545,12.226393629124004
District of Columbia,2024,10,2141,87.85614198972442,12.188463334890239
District of Columbia,2024,11,1881,81.39287612971825,13.73498139287613
District of Columbia,2024,12,2695,80.48237476808904,12.762894248608534
District of Columbia,2025,1,2864,88.79189944134079,11.730272346368714
District of Columbia,2025,2,3824,93.01778242677824,10.384283472803347
District of Columbia,2025,3,4609,83.46712952918203,12.24170101974398
District of Columbia,2025,4,4047,80.28169014084507,14.377440079070917
District of Columbia,2025,5,3445,85.42815674891146,12.925689404934689
District of Columbia,2025,6,3713,90.11580931861029,11.312146512254241
District of Columbia,2025,7,4423,91.79290074609993,10.55968799457382
District of Columbia,2025,8,3282,91.37720901889091,10.546160877513712
District of Columbia,2025,9,2724,92.84140969162996,10.271842878120411
District of Columbia,2025,10,3898,93.32991277578245,9.91341713699333
District of Columbia,2025,11,3768,86.8099787685775,11.293126326963906
District of Columbia,2025,12,2793,88.00572860723237,12.085571070533476
District of Columbia,2026,2,2098,90.32411820781697,10.809580552907532
District of Columbia,2026,3,1838,92.87268770402612,10.361534276387378
District of Columbia,2026,4,1605,93.02180685358256,10.78816199376947
District of Columbia,2026,5,1725,92.46376811594203,10.54
District of Columbia,2026,6,2117,92.34766178554558,10.836797354747285
District of Columbia,2026,7,2667,92.01349831271091,10.889013873265842
District of Columbia,2026,8,1927,88.47950181629476,11.887130254281265
Florida,2020,1,19830,89.23348461926373,11.47231467473525
Florida,2020,2,19249,88.77863785131696,11.872746636188893
Florida,2020,3,17383,86.14738537651728,12.307311741356498
Florida,2020,4,574920,68.23540666527516,13.98424563417519
Florida,2020,5,831910,65.82262504357442,17.81776454183746
Florida,2020,6,746917,62.445492604934685,23.630167742868352
Florida,2020,7,385864,84.8236684427674,12.458960929239318
Florida,2020,8,190660,88.83037868456938,10.284304521137102
Florida,2020,9,131826,88.37179312123557,10.437796792741947
Florida,2020,10,110357,91.84102503692561,9.030659586614352
Florida,2020,11,65727,89.04864058910341,9.775198928902887
Florida,2020,12,67419,84.9775285898634,10.703458965573503
Florida,2021,1,76111,89.79516758418626,10.11876732666763
Florida,2021,2,100578,92.94477917636064,9.200968402632782
Florida,2021,3,50552,79.52801076119638,12.394207944294983
Florida,2021,4,56801,82.52671607894227,12.613501522860513
Florida,2021,5,44714,86.21460840005368,10.995817864650892
Florida,2021,6,27422,81.86492597184743,12.627944715921522
Florida,2021,7,23712,85.38714574898786,11.32342273954116
Florida,2021,8,24401,87.39805745666162,10.580652432277367
Florida,2021,9,29587,92.68935681211343,9.168993138878562
Florida,2021,10,30725,92.2180634662327,9.263791700569568
Florida,2021,11,19453,88.15606847272915,10.331157147997738
Florida,2021,12,17615,89.00936701674709,10.284842463809253
Florida,2022,1,14543,88.26239427903458,10.32524238465241
Florida,2022,2,14750,90.14237288135594,9.824033898305085
Florida,2022,3,19477,89.94711711249165,9.639574883195564
Florida,2022,4,16398,91.51115989754848,9.570069520673252
Florida,2022,5,19873,90.3688421476375,9.886982337845318
Florida,2022,6,20628,92.19992243552453,9.375775644754702
Florida,2022,7,31419,91.13911964098158,9.617158407333143
Florida,2022,8,26088,92.50613308800982,9.391655167126649
Florida,2022,9,20810,92.40269101393561,9.58173954829409
Florida,2022,10,28682,85.22069590684053,10.667648699532808
Florida,2022,11,29161,85.36401357978121,11.395031034601008
Florida,2022,12,23373,86.77533906644419,11.329097676806573
Florida,2023,1,23534,88.28503441828843,10.539878473697629
Florida,2023,2,21621,90.60635493270432,9.922251514731048
Florida,2023,3,24425,89.3224155578301,10.185690890481064
Florida,2023,4,22942,90.68956498997471,9.784979513555923
Florida,2023,5,24752,90.83710407239819,9.830882352941176
Florida,2023,6,17725,84.1015514809591,11.472609308885755
Florida,2023,7,38002,80.38524288195357,12.471764643966107
Florida,2023,8,32295,91.15652577798421,9.770800433503638
Florida,2023,9,26010,91.35717031910804,9.777085736255286
Florida,2023,10,27291,94.73819207797443,9.287109303433366
Florida,2023,11,24212,94.8579216917231,9.240087559887659
Florida,2023,12,21370,95.52643893308375,9.15992044922789
Florida,2024,1,24783,95.98515111164912,9.01601904531332
Florida,2024,2,25526,95.38509754759853,9.095451696309645
Florida,2024,3,14487,92.08945951542763,9.981500655760337
Florida,2024,4,17728,89.91990072202167,10.878384476534295
Florida,2024,5,17476,88.69878690775921,11.494935912108033
Florida,2024,6,19116,88.5593220338983,11.519643230801423
Florida,2024,7,21517,87.4889622159223,11.669424176232747
Florida,2024,8,21486,85.85125197803221,12.65503118309597
Florida,2024,9,13629,86.50671362535769,12.285640912759558
Florida,2024,10,19803,77.17012573852446,14.880371660859465
Florida,2024,11,14747,77.74462602563233,15.142435749643996
Florida,2024,12,13635,80.52805280528052,13.583718371837184
Florida,2025,1,15709,81.55834235151825,13.745432554586543
Florida,2025,2,15323,81.46577041049403,13.54408405664687
Florida,2025,3,17769,81.16945241713096,13.701193089087736
Florida,2025,4,18856,85.06576156130674,12.351506151887993
Florida,2025,5,18710,86.94281133083912,11.568466060929984
Florida,2025,6,21985,85.90402547191268,12.187559699795315
Florida,2025,7,22184,79.85935809592499,13.848449332852507
Florida,2025,8,19266,84.68805148967093,12.754853109104122
Florida,2025,9,17645,82.10257863417398,13.411901388495325
Florida,2025,10,20109,84.73320403799293,12.728156546819832
Florida,2025,11,15381,84.77342175411222,13.016578896040569
Florida,2025,12,15616,85.14344262295081,12.754802766393443
Florida,2026,1,15511,88.17613306685578,11.5889046483141
Florida,2026,2,16702,89.96527361992575,11.039635971739912
Florida,2026,3,16060,89.56413449564134,11.257907845579078
Florida,2026,4,16931,90.50262831492529,10.985381843954876
Florida,2026,5,18173,92.61541847796181,10.42420073735762
Florida,2026,6,17556,90.05468215994532,10.694349510138984
Florida,2026,7,16900,88.4792899408284,10.823106508875739
Georgia,2020,1,43667,85.64362104106075,11.15231181441363
Georgia,2020,2,19451,76.85466042876973,13.238650969101846
Georgia,2020,3,126290,96.70599414047034,9.102810990577243
Georgia,2020,4,893608,86.05854021002499,10.981404038459816
Georgia,2020,5,409690,70.41909736630136,15.505806829554054
Georgia,2020,6,218222,74.53831419380265,16.30682745094445
Georgia,2020,7,161639,80.5690458367102,13.481508175625931
Georgia,2020,8,50525,74.54329539831767,15.0829886194953
Georgia,2020,9,31465,78.1026537422533,16.101001112347053
Georgia,2020,10,30064,79.66338477913783,14.734283528472591
Georgia,2020,11,21386,80.37033573365753,13.136888618722528
Georgia,2020,12,30698,90.72578018111929,10.307120985080461
Georgia,2021,1,34175,87.16605705925384,10.624813460131675
Georgia,2021,2,22817,77.69207170092474,12.645834246395232
Georgia,2021,3,56809,91.79003326937634,9.313119400095056
Georgia,2021,4,66807,91.98736659332106,9.532766027512087
Georgia,2021,5,26829,83.94647582839465,12.072943456707295
Georgia,2021,6,31445,76.03434568293846,14.979281284782955
Georgia,2021,7,21964,83.41376798397377,12.618352759060281
Georgia,2021,8,19992,81.45758303321328,13.760729291716686
Georgia,2021,9,17077,80.58206945013762,13.654125431867424
Georgia,2021,10,14051,83.11152231157925,11.512312290940146
Georgia,2021,11,7405,72.18095881161378,13.977582714382175
Georgia,2021,12,8497,69.80110627280216,14.741496998940802
Georgia,2022,1,16190,77.183446571958,13.034342186534898
Georgia,2022,2,11374,67.00369263231933,15.755758748021805
Georgia,2022,3,12353,76.83963409698049,13.54731644135028
Georgia,2022,4,10076,79.6943231441048,12.927997221119492
Georgia,2022,5,10935,79.25925925925927,12.706081390032008
Georgia,2022,6,15501,74.45971227662731,13.058383330107734
Georgia,2022,7,16213,75.96990069697156,12.761888607907235
Georgia,2022,8,17128,75.21018215787015,13.260742643624475
Georgia,2022,9,12843,76.69547613485945,13.203145682472943
Georgia,2022,10,11822,77.00896633395364,12.983547623075621
Georgia,2022,11,16995,73.14504265960576,13.446013533392174
Georgia,2022,12,20795,78.4948304880981,12.719523924020198
Georgia,2023,1,29029,78.99342037273071,12.776223776223777
Georgia,2023,2,18949,73.72420708216792,14.10995303182226
Georgia,2023,3,18022,77.77161247364333,12.88661080901121
Georgia,2023,4,13760,71.91133720930233,13.190043604651162
Georgia,2023,5,17042,75.35500528107029,12.818947306654149
Georgia,2023,6,15683,70.23528661608111,13.643722502072308
Georgia,2023,7,19345,62.72421814422331,15.086120444559318
Georgia,2023,8,23937,73.384300455362,13.861010151648076
Georgia,2023,9,17371,76.81192792585342,13.252662483449427
Georgia,2023,10,15962,78.83723844129808,12.311270517479013
Georgia,2023,11,16697,80.52943642570521,11.802719051326585
Georgia,2023,12,19675,75.26302414231259,12.456060991105463
Georgia,2024,1,29680,76.9743935309973,12.818194070080862
Georgia,2024,2,18427,68.04688771910783,14.426249525153308
Georgia,2024,3,16348,75.3853682407634,13.221709077563006
Georgia,2024,4,15408,78.15420560747664,12.368704569055037
Georgia,2024,5,16002,78.82764654418197,12.224628171478566
Georgia,2024,6,12754,69.13125294025404,13.341030265014897
Georgia,2024,7,20257,71.5851310658044,13.131139852890358
Georgia,2024,8,16928,73.02103024574669,13.39546904536862
Georgia,2024,9,16111,76.72397740674074,12.70597728260195
Georgia,2024,10,19605,78.53608773272126,12.316169344554961
Georgia,2024,11,14383,76.15240214141696,13.136932489744838
Georgia,2024,12,21570,80.53778395920259,11.908136300417246
Georgia,2025,1,29778,81.57028678890455,11.928873665121902
Georgia,2025,2,16723,74.97458589965915,13.772140166238115
Georgia,2025,3,16178,78.84781802447769,12.871306712819878
Georgia,2025,4,16648,81.77558865929842,12.013695338779433
Georgia,2025,5,16374,80.7133260046415,12.143459142543056
Georgia,2025,6,14677,79.19874633780746,12.420521905021463
Georgia,2025,7,19826,82.39180873600323,11.740845354584888
Georgia,2025,8,15363,80.99980472563952,12.264336392631648
Georgia,2025,9,15128,80.51956636700159,12.239522739291381
Georgia,2025,10,16969,83.84701514526489,11.577405857740585
Georgia,2025,11,14660,80.3137789904502,12.177216916780354
Georgia,2025,12,23132,83.5422790938959,11.371087670759122
Georgia,2026,1,26515,84.15613803507449,11.490269658683763
Georgia,2026,2,16512,79.08187984496125,13.02922117248062
Georgia,2026,3,15002,83.04226103186242,11.734635381949074
Georgia,2026,4,14052,81.86734984343865,11.980856817534871
Georgia,2026,5,13319,83.21195284931301,11.771078909828065
Georgia,2026,6,15422,79.54221242381014,12.46158085851381
Georgia,2026,7,16286,81.30909984035368,11.918396168488272
Hawaii,2020,1,3978,93.13725490196079,9.911261940673706
Hawaii,2020,2,2530,91.10671936758892,10.40513833992095
Hawaii,2020,3,6274,95.91966847306344,8.732467325470195
Hawaii,2020,4,109224,66.4185526990405,14.591152127737493
Hawaii,2020,5,124355,61.357404205701414,20.85245466607696
Hawaii,2020,6,43529,73.3970456477291,19.196214018240713
Hawaii,2020,7,22138,85.44132261270214,11.898816514590298
Hawaii,2020,8,14233,84.83102648773976,11.932340335839246
Hawaii,2020,9,13268,86.13958396141092,11.866370214048839
Hawaii,2020,10,7077,85.03603221704113,11.777448071216618
Hawaii,2020,11,6132,86.02413568166993,11.607632093933464
Hawaii,2020,12,4534,86.74459638288488,11.499669166299073
Hawaii,2021,1,3095,88.23909531502423,11.24071082390953
Hawaii,2021,2,2889,87.74662512980271,11.041017653167186
Hawaii,2021,3,3336,88.878896882494,10.829586330935252
Hawaii,2021,4,11237,67.50912165168639,15.510945982023673
Hawaii,2021,5,5511,75.37651968789693,16.483578297949556
Hawaii,2021,6,4623,81.35409906986804,14.282284231018819
Hawaii,2021,7,3630,86.61157024793388,11.859641873278237
Hawaii,2021,8,3926,86.9077941925624,11.676133469179828
Hawaii,2021,9,5044,91.09833465503569,10.63223632038065
Hawaii,2021,10,3682,81.04291146116242,12.704644215100489
Hawaii,2021,11,3368,81.79928741092637,13.246733966745843
Hawaii,2021,12,3020,85.72847682119206,11.990728476821191
Hawaii,2022,1,3383,88.82648536801655,10.764262488915165
Hawaii,2022,2,2673,84.32472876917322,12.135615413393191
Hawaii,2022,3,2686,87.56515264333582,11.430379746835444
Hawaii,2022,4,2665,89.23076923076924,10.680675422138837
Hawaii,2022,5,2811,88.93632159373888,10.540021344717182
Hawaii,2022,6,2977,89.31810547531072,10.557944239166947
Hawaii,2022,7,2556,89.00625978090767,10.522104851330203
Hawaii,2022,8,2915,89.67409948542024,10.73516295025729
Hawaii,2022,9,2355,88.15286624203821,11.267091295116773
Hawaii,2022,10,2377,91.29154396297855,10.119688683214136
Hawaii,2022,11,2152,90.05576208178438,10.399628252788103
Hawaii,2022,12,2013,90.9090909090909,10.367113760556384
Hawaii,2023,1,3054,92.33791748526524,10.118041912246234
Hawaii,2023,2,2351,89.62143768609103,10.790940025521055
Hawaii,2023,3,2347,89.77417980400512,10.891989774179804
Hawaii,2023,4,2149,91.15867845509538,10.257794322940903
Hawaii,2023,5,2700,91.92592592592592,10.204444444444444
Hawaii,2023,6,2537,90.97359085534096,10.446393378005519
Hawaii,2023,7,2290,91.57205240174673,10.235807860262009
Hawaii,2023,8,7057,97.23678616976052,9.071276746492844
Hawaii,2023,9,9756,77.83927839278392,13.149446494464945
Hawaii,2023,10,4579,71.21642279973793,18.28925529591614
Hawaii,2023,11,2560,82.3828125,13.89921875
Hawaii,2023,12,2007,87.2446437468859,11.357997010463379
Hawaii,2024,1,2685,88.78957169459963,10.895530726256982
Hawaii,2024,2,2257,87.32831191847585,11.474745237040318
Hawaii,2024,3,2009,86.80935788949726,11.764310602289695
Hawaii,2024,4,2384,87.70973154362416,11.658557046979865
Hawaii,2024,5,2349,87.52660706683695,11.692635163899531
Hawaii,2024,6,2249,88.26144953312584,11.378390395731437
Hawaii,2024,7,2337,85.83654257595208,11.900085579803166
Hawaii,2024,8,2424,87.16996699669967,11.788778877887788
Hawaii,2024,9,2545,88.01571709233792,11.230648330058939
Hawaii,2024,10,2475,87.31313131313131,11.80020202020202
Hawaii,2024,11,2519,80.74632790789997,16.078205637157602
Hawaii,2024,12,2105,86.74584323040379,11.731828978622328
Hawaii,2025,1,2989,89.16025426564069,11.08012713282034
Hawaii,2025,2,2376,88.17340067340066,11.45496632996633
Hawaii,2025,3,2591,89.65650328058665,10.975299112311848
Hawaii,2025,4,2430,90.98765432098766,10.601851851851851
Hawaii,2025,5,2536,91.91640378548895,10.181190851735016
Hawaii,2025,6,2887,91.9986144786976,10.36387253204018
Hawaii,2025,7,2505,91.41716566866268,10.46506986027944
Hawaii,2025,8,2416,90.93543046357617,10.710264900662251
Hawaii,2025,9,2473,91.2252325111201,10.604933279417711
Hawaii,2025,10,2673,92.4055368499813,10.480733258511036
Hawaii,2025,11,2148,90.08379888268156,10.883845437616387
Hawaii,2025,12,2487,90.83232810615199,10.589063128266988
Hawaii,2026,3,2824,90.54532577903683,10.98919971671388
Hawaii,2026,4,2674,89.04263275991025,11.171091997008228
Hawaii,2026,5,2508,89.71291866028707,11.076355661881978
Hawaii,2026,6,2969,91.68070057258336,10.390872347591781
Hawaii,2026,7,2419,89.5411326994626,11.070897064902853
Hawaii,2026,8,2342,90.56362083689154,10.996157130657558
Idaho,2020,1,9219,97.11465451784358,8.166720902484
Idaho,2020,2,5223,94.71568064330845,8.746027187440168
Idaho,2020,3,19657,98.67731596886605,7.90746299028336
Idaho,2020,4,66190,86.40580148058619,10.518023870675329
Idaho,2020,5,25790,67.96044978673905,17.77004652966266
Idaho,2020,6,22340,66.20411817367949,23.40452103849597
Idaho,2020,7,6746,85.11710643344203,12.37207233916395
Idaho,2020,8,5360,80.29850746268656,12.420988805970149
Idaho,2020,9,3390,93.952802359882,9.466371681415929
Idaho,2020,10,3191,94.578502036979,9.22610466938264
Idaho,2020,11,4445,95.14060742407199,8.965129358830147
Idaho,2020,12,9267,90.32049206863061,9.976044027193266
Idaho,2021,1,8507,87.19877747737158,11.08804513929705
Idaho,2021,2,5595,90.22341376228775,10.255942806076854
Idaho,2021,3,4197,85.79938050988801,11.495711222301644
Idaho,2021,4,4916,85.59804719283972,11.25040683482506
Idaho,2021,5,3327,74.39134355275023,14.10399759543132
Idaho,2021,6,2812,78.41394025604552,13.216216216216216
Idaho,2021,7,3219,85.98943771357564,10.990369680024852
Idaho,2021,8,1933,93.06777030522504,9.7296947749612
Idaho,2021,9,1335,90.187265917603,10.374531835205993
Idaho,2021,10,1479,92.56254225828262,9.609871534820824
Idaho,2021,11,2907,97.48882008943929,8.10732714138287
Idaho,2021,12,5091,98.56609703398153,7.793066195246514
Idaho,2022,1,8749,98.23979883415247,7.955080580637787
Idaho,2022,2,4541,97.68773397929972,8.07157013873596
Idaho,2022,3,2698,96.73832468495182,8.37916975537435
Idaho,2022,4,2090,97.79904306220095,8.056937799043062
Idaho,2022,5,1683,97.86096256684492,7.974450386215092
Idaho,2022,6,2472,98.01779935275081,7.993527508090615
Idaho,2022,7,2199,98.36289222373806,7.995225102319236
Idaho,2022,8,2270,97.62114537444934,8.216740088105727
Idaho,2022,9,1534,96.28422425032595,8.626466753585397
Idaho,2022,10,1948,97.1252566735113,8.484599589322382
Idaho,2022,11,3868,98.55222337125129,7.867761116856257
Idaho,2022,12,7148,98.46110800223839,7.878987129266928
Idaho,2023,1,9761,97.79735682819384,8.066796434791517
Idaho,2023,2,5284,96.65026495079485,8.42429977289932
Idaho,2023,3,4126,94.86185167232186,8.901841977702375
Idaho,2023,4,3504,95.86187214611871,8.653538812785389
Idaho,2023,5,3126,93.34612923864364,9.30534229046705
Idaho,2023,6,3131,96.35899073778346,8.612264452251678
Idaho,2023,7,3379,96.24149156555194,8.630068067475584
Idaho,2023,8,2586,95.7463263727765,8.886890951276103
Idaho,2023,9,1968,90.09146341463415,9.796239837398375
Idaho,2023,10,24990,98.47138855542217,7.872829131652661
Idaho,2023,11,3526,95.66080544526375,8.774532047646058
Idaho,2023,12,6225,96.96385542168674,8.31734939759036
Idaho,2024,1,10947,96.62921348314607,8.287932766968119
Idaho,2024,2,5714,95.2397619880994,8.760938046902345
Idaho,2024,3,3972,94.96475327291037,8.888469284994965
Idaho,2024,4,3189,95.3904045155221,8.898714330511131
Idaho,2024,5,2610,94.06130268199234,9.13448275862069
Idaho,2024,6,3282,94.3327239488117,8.95825716026813
Idaho,2024,7,2656,94.46536144578313,8.965361445783133
Idaho,2024,8,1921,97.34513274336283,8.274856845393025
Idaho,2024,9,1991,98.04118533400302,8.101707684580612
Idaho,2024,10,2355,97.40976645435244,8.430148619957537
Idaho,2024,11,3266,98.77526025719534,7.868952847519902
Idaho,2024,12,7899,98.7719964552475,7.8086466641347005
Idaho,2025,1,8835,97.65704584040748,8.0907753254103
Idaho,2025,2,5749,96.92120368759785,8.364585145242652
Idaho,2025,3,4523,94.14105682069422,8.888127349104577
Idaho,2025,4,3257,94.10500460546515,9.12050967147682
Idaho,2025,5,2575,97.04854368932038,8.415922330097088
Idaho,2025,6,3322,98.31426851294401,8.099187236604456
Idaho,2025,7,2729,98.2044705020154,8.1282521069989
Idaho,2025,8,2068,98.45261121856866,8.295454545454545
Idaho,2025,9,2290,95.93886462882097,8.866375545851529
Idaho,2025,10,2626,95.2018278750952,8.995620715917745
Idaho,2025,11,3939,97.10586443259712,8.404163493272405
Idaho,2025,12,7094,96.94107696645052,8.135959966168594
Idaho,2026,1,8568,95.65826330532214,8.459091970121381
Idaho,2026,2,4991,92.94730514926869,9.06762171909437
Idaho,2026,3,3869,90.12664771258723,9.80098216593435
Idaho,2026,4,2822,87.38483345145286,10.96243798724309
Idaho,2026,5,2720,85.33088235294117,11.400551470588235
Idaho,2026,6,3016,89.38992042440319,9.911472148541113
Idaho,2026,7,2710,89.55719557195572,9.863653136531365
Illinois,2020,1,91276,97.74201323458522,8.190312897147114
Illinois,2020,2,47638,96.26768546118645,8.750682228473067
Illinois,2020,3,92431,97.92602049096082,10.287100648050979
Illinois,2020,4,827873,92.96909066970417,11.310464890146195
Illinois,2020,5,402789,85.73173547440472,13.788450032150829
Illinois,2020,6,227563,87.63814855666342,13.957583174769185
Illinois,2020,7,157845,88.85172162564541,12.385026449998415
Illinois,2020,8,96516,87.50777073231382,12.728884330059264
Illinois,2020,9,76080,88.8590956887487,12.333353049421662
Illinois,2020,10,97442,91.47800743006096,11.651141191683259
Illinois,2020,11,144585,91.79444617353114,11.497904346923955
Illinois,2020,12,141291,91.11125266294385,11.702026314485707
Illinois,2021,1,108229,89.8954993578431,11.994839645566346
Illinois,2021,2,65093,87.12611187070807,12.680557049145069
Illinois,2021,3,74433,90.40479357274327,12.399103892090874
Illinois,2021,4,139045,89.20133769642922,11.849555899169333
Illinois,2021,5,71398,85.59063279083448,12.759187932435083
Illinois,2021,6,91469,90.91058172714253,11.994271283166974
Illinois,2021,7,86353,85.49558208747814,12.781212001899181
Illinois,2021,8,52091,82.89147837438328,13.858574417845693
Illinois,2021,9,27892,85.54065681915961,13.009411300731392
Illinois,2021,10,16482,83.71556849896858,13.308548719815557
Illinois,2021,11,22690,86.80035257822828,12.708483913618334
Illinois,2021,12,42006,89.42293958005999,12.126493834214159
Illinois,2022,1,70125,88.70445632798574,12.082117647058823
Illinois,2022,2,39696,84.41908504635228,12.957993248690045
Illinois,2022,3,30098,85.14519237158615,13.105771147584557
Illinois,2022,4,23324,86.86760418453096,12.38897701937918
Illinois,2022,5,28037,88.1727716945465,12.349538110354175
Illinois,2022,6,32152,86.71000248818113,12.576169445135607
Illinois,2022,7,26981,83.84048033801564,13.025573551758646
Illinois,2022,8,28067,86.84219902376456,12.594880108312253
Illinois,2022,9,22195,86.01036269430051,12.471908087407074
Illinois,2022,10,22615,88.46783108556268,12.180057483970815
Illinois,2022,11,31535,87.57253844934199,12.169557634374504
Illinois,2022,12,51235,89.37249926807847,11.903483946520932
Illinois,2023,1,77226,89.04125553570042,11.924902234998576
Illinois,2023,2,48020,88.4381507705123,12.185287380258226
Illinois,2023,3,38408,88.41907935846699,12.291228389918768
Illinois,2023,4,29839,88.4245450584805,12.44269244947887
Illinois,2023,5,35117,88.84016288407324,11.852407665802888
Illinois,2023,6,37444,93.75066766371114,9.645110030979597
Illinois,2023,7,36567,91.42669620149316,10.242377006590642
Illinois,2023,8,34724,91.63690819030066,10.24323234650386
Illinois,2023,9,26545,91.6782821623658,10.215803352797137
Illinois,2023,10,30295,92.30566100016505,10.059613797656379
Illinois,2023,11,34136,92.8257558003281,9.810053902038904
Illinois,2023,12,50680,94.19100236779795,9.641120757695344
Illinois,2024,1,88076,93.88936827285525,9.816805940324265
Illinois,2024,2,49282,92.38261434195041,9.991102227993993
Illinois,2024,3,33108,91.34952277395192,10.327911682976923
Illinois,2024,4,31773,92.54713121203537,9.850564945079155
Illinois,2024,5,33253,93.54644693711846,9.493233693200613
Illinois,2024,6,36265,94.11278091824073,9.483675720391561
Illinois,2024,7,41481,91.63231358935417,10.055736361225621
Illinois,2024,8,31554,91.65557457057743,10.150979273626165
Illinois,2024,9,28798,91.5098270713244,10.093930134037086
Illinois,2024,10,31379,92.99850218298862,9.657892220912075
Illinois,2024,11,29386,92.90818757231335,9.738208670795617
Illinois,2024,12,60398,95.44521341766283,8.94125633299116
Illinois,2025,1,89794,95.61886094839299,8.906062765886363
Illinois,2025,2,49819,93.29171601196332,9.667365864429234
Illinois,2025,3,37566,92.8392695522547,9.818093488793057
Illinois,2025,4,34971,93.30874152869521,9.631137227988905
Illinois,2025,5,33493,94.05248857970322,9.445585644761591
Illinois,2025,6,42888,94.83305353478828,9.232361033389292
Illinois,2025,7,44150,94.40770101925254,9.257157417893545
Illinois,2025,8,32038,93.19870154191896,9.575504088894437
Illinois,2025,9,32607,93.50139540589444,9.582926978869567
Illinois,2025,10,31865,94.10952455672368,9.390020398556409
Illinois,2025,11,29663,94.7746350672555,9.131224083875535
Illinois,2025,12,64411,96.10936020244989,8.705034854295073
Illinois,2026,1,75512,95.59540205530247,8.82259111134654
Illinois,2026,2,50512,94.47853975293,9.234469037060501
Illinois,2026,3,33576,92.94138670478912,9.710209673576363
Illinois,2026,4,29971,94.99849854859697,9.142904807981049
Illinois,2026,5,27330,95.60556165386022,8.879454811562386
Illinois,2026,6,39974,95.89233001450943,8.92628958823235
Illinois,2026,7,34451,94.18304258221822,9.341514034425707
Indiana,2020,1,17168,96.58667287977633,8.510892357875116
Indiana,2020,2,11734,95.06562127151867,9.071885120163627
Indiana,2020,3,42041,98.88917961038034,8.363621226897552
Indiana,2020,4,466393,91.62401665548153,10.791261875714259
Indiana,2020,5,206725,70.98222275970492,16.66219857298343
Indiana,2020,6,118517,70.0853042179603,19.32762388518103
Indiana,2020,7,64270,86.20974015870546,12.276412011825112
Indiana,2020,8,31992,83.49274818704676,12.983761565391347
Indiana,2020,9,22636,83.12422689521117,14.210019438063261
Indiana,2020,10,27172,86.42352421610482,13.257765346680406
Indiana,2020,11,34469,88.6129565696713,11.810902550117497
Indiana,2020,12,16282,78.78638987839331,13.875475985751136
Indiana,2021,1,23696,80.38909520594193,13.162917792032411
Indiana,2021,2,20500,77.2,14.844048780487805
Indiana,2021,3,19451,75.58480283790037,16.656521515603313
Indiana,2021,4,33504,88.14171442215854,11.25404429321872
Indiana,2021,5,32356,84.48510322660402,12.74327790827049
Indiana,2021,6,15584,80.17197125256673,14.14476386036961
Indiana,2021,7,10668,81.11173603299588,12.921681664791901
Indiana,2021,8,17705,87.42728042925727,11.887263484891273
Indiana,2021,9,8877,79.15962599977469,13.612706995606624
Indiana,2021,10,6286,84.80750874960229,12.213092586700604
Indiana,2021,11,6458,89.98141839578817,9.643155775781976
Indiana,2021,12,6426,89.62029256146903,10.09547152194211
Indiana,2022,1,10697,90.31504160044872,10.031130223427128
Indiana,2022,2,10503,79.65343235266114,13.34913834142626
Indiana,2022,3,8727,81.57442420075627,14.077460753981896
Indiana,2022,4,6293,87.63705704751311,11.825917686318132
Indiana,2022,5,6111,86.28702340042547,11.573637702503682
Indiana,2022,6,6730,92.24368499257058,9.802971768202081
Indiana,2022,7,6909,89.17354175712838,10.718483137936026
Indiana,2022,8,8824,89.99320036264733,10.537681323662738
Indiana,2022,9,8807,91.41591915521744,10.284659929601453
Indiana,2022,10,7628,92.76350288411118,9.794507079181962
Indiana,2022,11,7164,90.45226130653266,10.147264098269124
Indiana,2022,12,9705,90.81916537867079,10.189129314786193
Indiana,2023,1,15562,89.30086107184167,11.00478730240329
Indiana,2023,2,13518,84.31720668737978,13.066208018937713
Indiana,2023,3,8315,85.71256764882742,13.049549007817198
Indiana,2023,4,10201,94.05940594059405,10.378541319478483
Indiana,2023,5,6232,89.32926829268293,10.956675224646983
Indiana,2023,6,6320,90.94936708860759,10.628560126582279
Indiana,2023,7,6385,92.18480814408771,10.237353171495693
Indiana,2023,8,7513,91.13536536669773,10.601956608545189
Indiana,2023,9,7167,91.4608622854751,10.39940002790568
Indiana,2023,10,7540,92.57294429708223,10.160676392572944
Indiana,2023,11,8869,90.99109256962453,10.280922313676852
Indiana,2023,12,9536,91.95679530201343,10.306260486577182
Indiana,2024,1,16008,89.63643178410796,10.586800349825088
Indiana,2024,2,10436,89.1625143733231,10.907483710233807
Indiana,2024,3,6861,88.12126512170238,11.992858183938202
Indiana,2024,4,7628,91.51809124278972,10.448479286837966
Indiana,2024,5,5972,92.38111185532485,10.377930341594105
Indiana,2024,6,6048,91.83201058201058,10.373181216931217
Indiana,2024,7,10145,92.05519960571709,9.91296205027107
Indiana,2024,8,7569,90.88386841062227,10.678755449861276
Indiana,2024,9,7084,89.7656691134952,10.648574251835122
Indiana,2024,10,7289,89.58704897791192,10.78735080257923
Indiana,2024,11,7423,93.2102923346356,9.748080290987472
Indiana,2024,12,9850,93.1472081218274,9.781167512690356
Indiana,2025,1,16719,94.0606495603804,9.285453675459058
Indiana,2025,2,10003,94.42167349795062,9.227181845446365
Indiana,2025,3,6539,94.15812815415201,9.56973543355253
Indiana,2025,4,6287,94.2261810084301,9.548035629075871
Indiana,2025,5,5669,94.7257011818663,9.299523725524784
Indiana,2025,6,6142,94.67600130250733,9.364457831325302
Indiana,2025,7,5747,92.36123194710284,10.159474508439185
Indiana,2025,8,5702,92.40617327253595,10.426341634514205
Indiana,2025,9,5670,94.53262786596119,9.446913580246914
Indiana,2025,10,5314,95.5024463680843,9.154027098231088
Indiana,2025,11,4690,91.38592750533049,10.43997867803838
Indiana,2025,12,7553,84.73454256586787,11.112405666622534
Indiana,2026,1,16650,91.12312312312312,9.86093093093093
Indiana,2026,2,10391,86.1899720912328,11.21658165720335
Indiana,2026,3,7296,87.63706140350878,11.741365131578947
Indiana,2026,4,4461,88.54516924456401,11.587648509302847
Indiana,2026,5,5252,79.70297029702971,14.26456587966489
Indiana,2026,6,5598,87.81707752768845,11.204090746695249
Indiana,2026,7,5609,88.99982171510074,10.826617935460867
Iowa,2020,1,35616,90.22349505840072,11.462811657681941
Iowa,2020,2,14459,86.95622103879937,11.953420015215437
Iowa,2020,3,30572,96.32997514065158,9.096313620306162
Iowa,2020,4,249125,88.32674360260914,10.832174611138987
Iowa,2020,5,97948,80.04757626495692,14.194884020092294
Iowa,2020,6,41146,77.85446945025033,15.886611092208234
Iowa,2020,7,29490,83.55713801288573,13.229569345540861
Iowa,2020,8,15460,74.99353169469599,15.319016817593791
Iowa,2020,9,13302,77.14629379040746,14.826454668470907
Iowa,2020,10,8556,80.10752688172043,14.006720430107526
Iowa,2020,11,10378,80.86336481017537,13.96362497591058
Iowa,2020,12,21774,79.33314962799669,13.835698539542573
Iowa,2021,1,27156,78.34364413021063,14.055254823979968
Iowa,2021,2,18509,75.52542006591388,15.199281430655358
Iowa,2021,3,14894,77.01087686316637,14.74399086880623
Iowa,2021,4,14430,76.86070686070686,13.677720027720028
Iowa,2021,5,9151,70.62616107529232,17.024095727242923
Iowa,2021,6,8645,76.1017929438982,15.491844997108155
Iowa,2021,7,5921,78.26380678939368,15.066373923323763
Iowa,2021,8,6131,75.17533844397325,16.50587179905399
Iowa,2021,9,5101,75.59302097627916,15.36394824544207
Iowa,2021,10,4302,76.89446768944677,14.042538354253836
Iowa,2021,11,4603,77.7753638931132,13.780252009558984
Iowa,2021,12,13662,83.10642658468745,12.62454252671644
Iowa,2022,1,23817,83.47818784901541,12.461120208254608
Iowa,2022,2,13401,79.44183269905231,13.41370047011417
Iowa,2022,3,6742,84.88579056659745,12.677024621773954
Iowa,2022,4,4302,83.51929335192933,12.255230125523013
Iowa,2022,5,3903,83.67922111196515,12.269536254163464
Iowa,2022,6,5712,86.02941176470588,11.768469887955183
Iowa,2022,7,4744,82.50421585160203,12.291736930860035
Iowa,2022,8,5169,83.42039079125556,12.268620622944477
Iowa,2022,9,3704,80.83153347732181,12.645653347732182
Iowa,2022,10,3942,82.09030948756975,12.309233891425672
Iowa,2022,11,4427,82.13236955048565,12.55952112039756
Iowa,2022,12,13989,85.48859818428765,12.04296232754307
Iowa,2023,1,24484,82.34357131187714,12.604925665740891
Iowa,2023,2,13580,80.6038291605302,13.441126656848306
Iowa,2023,3,7129,85.07504558844158,12.526090615794642
Iowa,2023,4,4310,81.11368909512761,12.749883990719258
Iowa,2023,5,5108,83.1049334377447,12.383222396241191
Iowa,2023,6,7335,84.15814587593728,12.140490797546013
Iowa,2023,7,7220,82.38227146814404,12.539819944598339
Iowa,2023,8,6738,83.25912733748886,12.683363015731672
Iowa,2023,9,4591,80.67959050315835,12.933783489435852
Iowa,2023,10,5198,83.3205078876491,12.351769911504425
Iowa,2023,11,6153,85.0967007963595,12.102226556151471
Iowa,2023,12,9634,81.16047332364542,12.679260950799252
Iowa,2024,1,27134,78.16024176310165,13.522610009582074
Iowa,2024,2,14865,75.07568113017155,14.480053817692566
Iowa,2024,3,6088,82.21090670170827,13.403827201051248
Iowa,2024,4,5983,84.79023901052983,12.621678087915761
Iowa,2024,5,7407,89.25340893749156,11.680639935196435
Iowa,2024,6,7305,88.72005475701575,11.614442162902122
Iowa,2024,7,10216,88.22435395458105,11.549823805794832
Iowa,2024,8,8487,89.25415341109932,11.538411688464711
Iowa,2024,9,6311,85.67580415148154,11.881635240057044
Iowa,2024,10,7902,89.87598076436345,11.357567704378638
Iowa,2024,11,6913,87.03891219441631,11.68508606972371
Iowa,2024,12,15459,90.34219548483084,11.3722103628954
Iowa,2025,1,29883,90.7639795201285,11.354532677442023
Iowa,2025,2,12188,87.47948802100427,11.7961519527404
Iowa,2025,3,7822,86.03937611863974,12.071592942981335
Iowa,2025,4,7427,89.3765988959203,11.588932274134914
Iowa,2025,5,5172,86.446249033256,11.895494972931168
Iowa,2025,6,4915,88.44354018311293,11.669175991861648
Iowa,2025,7,6590,67.60242792109257,15.167374810318664
Iowa,2025,8,6516,83.05709023941068,12.44413750767342
Iowa,2025,9,4594,82.67305180670441,13.14007400957771
Iowa,2025,10,4397,91.69888560382078,10.690243347737093
Iowa,2025,11,4466,93.01388266905508,10.444917151813703
Iowa,2025,12,13739,94.67937986753039,10.09793289176796
Iowa,2026,1,20311,93.90970410122593,9.95357195608291
Iowa,2026,2,9949,92.53191275505075,11.199869333601367
Iowa,2026,3,5228,93.09487375669472,10.859410864575363
Iowa,2026,4,3348,91.42771804062126,10.987604540023895
Iowa,2026,5,3895,91.50192554557125,10.702695763799744
Iowa,2026,6,5361,88.36038052602126,11.384816265622085
Iowa,2026,7,5310,84.76459510357816,11.655461393596987
Iowa,2026,8,4438,89.77016674177557,11.337201442091033
Kansas,2020,1,9022,96.6637109288406,8.413156727998226
Kansas,2020,2,6695,95.32486930545183,8.79611650485437
Kansas,2020,3,36369,99.21086639720642,7.648409359619456
Kansas,2020,4,175390,96.43081133473972,8.646120075260848
Kansas,2020,5,63162,74.7205598302777,14.4296570722903
Kansas,2020,6,41962,73.2734378723607,15.937217005862447
Kansas,2020,7,38080,84.2095588235294,11.894721638655462
Kansas,2020,8,19291,75.32009745477166,14.68223523923073
Kansas,2020,9,23702,82.49514808876887,13.476689730824402
Kansas,2020,10,35893,90.00083581756888,10.791867495054746
Kansas,2020,11,35873,89.99804867170296,10.793647032587183
Kansas,2020,12,129389,95.82035567165678,8.988364544126625
Kansas,2021,1,113929,97.26145230801639,8.849068279366975
Kansas,2021,2,6529,86.33787716342472,12.01707765354572
Kansas,2021,3,10778,71.7108925589163,18.20616069771757
Kansas,2021,4,4879,86.53412584546012,11.27116212338594
Kansas,2021,5,5892,77.88526816021725,14.252715546503733
Kansas,2021,6,5324,78.51239669421489,14.813767843726522
Kansas,2021,7,4856,85.3171334431631,12.215094728171334
Kansas,2021,8,4296,83.4729981378026,12.241387337057729
Kansas,2021,9,2804,85.8416547788873,11.726997146932954
Kansas,2021,10,2708,84.97045790251107,11.49390694239291
Kansas,2021,11,2682,88.62788963460105,10.76006711409396
Kansas,2021,12,3949,89.06052165105089,10.440111420612814
Kansas,2022,1,6630,94.84162895927601,8.744947209653091
Kansas,2022,2,5913,92.93083037375276,9.512261119567055
Kansas,2022,3,5676,93.37561663143057,9.503787878787879
Kansas,2022,4,2382,88.16120906801007,10.886649874055415
Kansas,2022,5,2180,87.11009174311927,10.905275229357798
Kansas,2022,6,3098,88.83150419625565,10.380406714009037
Kansas,2022,7,2752,89.02616279069767,10.29251453488372
Kansas,2022,8,3112,88.94601542416453,10.220115681233933
Kansas,2022,9,2543,88.47817538340543,10.42567833267794
Kansas,2022,10,2613,86.64370455415231,11.001913509376196
Kansas,2022,11,2692,88.00148588410104,10.363670133729569
Kansas,2022,12,3569,84.4214065564584,11.811431773606053
Kansas,2023,1,6316,91.49778340721976,9.850617479417354
Kansas,2023,2,4387,86.57396854342375,11.288124002735355
Kansas,2023,3,3483,86.64944013781223,11.046080964685617
Kansas,2023,4,2615,90.32504780114724,9.891013384321223
Kansas,2023,5,3176,90.30226700251889,9.882241813602015
Kansas,2023,6,3623,91.52635937068727,9.635937068727573
Kansas,2023,7,3270,91.74311926605505,9.66039755351682
Kansas,2023,8,3672,92.40196078431373,9.521786492374728
Kansas,2023,9,2902,88.59407305306685,10.308407994486561
Kansas,2023,10,3170,91.10410094637224,9.82807570977918
Kansas,2023,11,3158,91.10196326789108,9.831222292590247
Kansas,2023,12,3239,90.49089225069466,9.834671194813215
Kansas,2024,1,8389,95.577542019311,8.662415067350102
Kansas,2024,2,4714,88.84174798472635,10.646584641493424
Kansas,2024,3,3439,85.78075021808665,11.548706019191625
Kansas,2024,4,3289,86.65247795682578,11.378230465186986
Kansas,2024,5,3506,87.906446092413,10.917284654877353
Kansas,2024,6,3878,88.65394533264569,10.5955389375967
Kansas,2024,7,5099,89.86075701117866,9.784957834869582
Kansas,2024,8,3951,83.09288787648697,12.226271829916477
Kansas,2024,9,3013,88.48323929638234,11.009127115831397
Kansas,2024,10,4016,92.52988047808765,10.087649402390438
Kansas,2024,11,3758,93.18786588610963,9.615220862160724
Kansas,2024,12,5262,88.57848726719878,10.467882934245534
Kansas,2025,1,6467,88.88201639090768,10.582109169630431
Kansas,2025,2,5178,84.26033217458479,11.98667439165701
Kansas,2025,3,3131,74.99201533056531,15.176461194506548
Kansas,2025,4,3137,75.26299011794708,15.222186802677717
Kansas,2025,5,3006,77.41184298070526,14.75033266799734
Kansas,2025,6,4212,80.41310541310541,14.246913580246913
Kansas,2025,7,4398,79.08140063665302,13.930991359708958
Kansas,2025,8,3098,76.79147837314396,14.2270819883796
Kansas,2025,9,3531,76.57887284055508,14.849617672047579
Kansas,2025,10,3802,81.22041031036296,12.498290373487638
Kansas,2025,11,3052,87.12319790301441,11.215104849279161
Kansas,2025,12,5205,88.43419788664745,10.687992315081653
Kansas,2026,1,5548,93.20475847152126,9.311193222782984
Kansas,2026,2,4844,94.4260941370768,9.026527663088357
Kansas,2026,3,3537,92.67741023466213,9.668645744981623
Kansas,2026,4,2886,91.61469161469161,10.318780318780318
Kansas,2026,5,3486,93.68904188181297,9.612162937464142
Kansas,2026,6,4211,92.32961291854667,9.91415340774163
Kansas,2026,7,3663,89.54408954408954,10.596232596232596
Kansas,2026,8,3994,92.13820731096645,10.020030045067601
Kentucky,2020,1,14408,90.82454192115492,10.124548861743476
Kentucky,2020,2,9093,85.14241724403388,11.7540415704388
Kentucky,2020,3,35412,96.72992206031854,9.315302722241048
Kentucky,2020,4,416343,92.13004662021459,11.440396500001201
Kentucky,2020,5,127935,82.43092195255403,14.771606675264783
Kentucky,2020,6,37305,76.96823482106956,17.63309207880981
Kentucky,2020,7,20615,87.20349260247393,11.826485568760612
Kentucky,2020,8,12368,87.44340232858991,11.145132600258732
Kentucky,2020,9,6540,89.25076452599389,10.644724770642203
Kentucky,2020,10,5870,91.83986371379898,9.248381601362862
Kentucky,2020,11,5962,90.7749077490775,9.662445488091244
Kentucky,2020,12,6972,88.49684452094091,10.22697934595525
Kentucky,2021,1,10955,90.14148790506617,10.571976266544956
Kentucky,2021,2,8221,86.51015691521712,12.095000608198516
Kentucky,2021,3,14710,90.80897348742351,10.867165193745752
Kentucky,2021,4,12685,91.09184075679937,9.945999211667324
Kentucky,2021,5,7290,81.3031550068587,14.033196159122085
Kentucky,2021,6,6503,79.22497308934338,16.02975549746271
Kentucky,2021,7,6067,83.43497610021427,13.78226471073018
Kentucky,2021,8,4183,82.52450394453741,13.115347836480995
Kentucky,2021,9,3504,83.67579908675799,12.58019406392694
Kentucky,2021,10,2823,85.86609989373008,11.685086787105917
Kentucky,2021,11,2665,88.40525328330206,10.086491557223265
Kentucky,2021,12,3399,90.23242130038247,10.097381582818477
Kentucky,2022,1,6959,90.22848110360684,10.007472337979594
Kentucky,2022,2,4775,85.59162303664921,11.828376963350784
Kentucky,2022,3,3500,85.39999999999999,11.678142857142857
Kentucky,2022,4,2526,85.82739509105305,11.187252573238322
Kentucky,2022,5,3040,89.30921052631578,9.79358552631579
Kentucky,2022,6,3937,86.66497332994666,10.943357886715773
Kentucky,2022,7,4546,87.54949406071272,10.988011438627364
Kentucky,2022,8,4436,82.46167718665464,11.862714156898106
Kentucky,2022,9,3665,80.54570259208731,13.092769440654843
Kentucky,2022,10,3129,82.5503355704698,12.003675295621605
Kentucky,2022,11,3761,84.49880350970487,11.015820260568997
Kentucky,2022,12,4988,88.17161186848436,10.507117080994387
Kentucky,2023,1,7220,89.76454293628808,10.580540166204987
Kentucky,2023,2,4058,85.26367668802366,11.956752094627895
Kentucky,2023,3,3017,79.81438515081206,14.751242956579384
Kentucky,2023,4,2506,88.26815642458101,10.992617717478053
Kentucky,2023,5,3391,83.83957534650546,12.381893246829843
Kentucky,2023,6,4250,86.47058823529412,11.916470588235294
Kentucky,2023,7,4897,79.92648560343068,14.267408617520932
Kentucky,2023,8,4742,80.78869675242514,13.45371151412906
Kentucky,2023,9,2824,86.54390934844193,11.444582152974505
Kentucky,2023,10,3807,91.6206987128973,9.966115051221434
Kentucky,2023,11,4122,88.50072780203784,10.402717127607957
Kentucky,2023,12,3446,82.90771909460244,11.688189204875219
Kentucky,2024,1,6985,88.5325697924123,11.252970651395849
Kentucky,2024,2,4833,81.8746120422098,14.274570660045521
Kentucky,2024,3,3108,78.05662805662806,16.22844272844273
Kentucky,2024,4,3069,83.31704138155752,15.157706093189963
Kentucky,2024,5,3076,88.26397919375812,12.440344603381014
Kentucky,2024,6,2926,91.38755980861244,10.586466165413533
Kentucky,2024,7,3919,92.60015310028068,9.825082929318704
Kentucky,2024,8,2951,92.88376821416469,9.155540494747543
Kentucky,2024,9,2402,93.7135720233139,8.877393838467944
Kentucky,2024,10,3265,94.42572741194488,8.336447166921898
Kentucky,2024,11,3128,94.72506393861893,8.59047314578005
Kentucky,2024,12,5418,96.89922480620154,8.104651162790697
Kentucky,2025,1,9897,96.19076487824594,8.438567242598767
Kentucky,2025,2,5100,80.64705882352942,15.78
Kentucky,2025,3,6551,78.33918485727371,14.330178598687223
Kentucky,2025,4,4013,92.47445801146274,9.867057064540244
Kentucky,2025,5,3926,90.24452368823229,10.311385634233316
Kentucky,2025,6,3742,83.43132014965259,11.508150721539284
Kentucky,2025,7,4885,80.6345957011259,11.573285568065506
Kentucky,2025,8,3963,73.37875346959373,13.886954327529649
Kentucky,2025,9,4037,72.65296011890018,14.305796383453059
Kentucky,2025,10,4667,78.40154274694665,12.352689093636169
Kentucky,2025,11,7110,83.38959212376935,11.367791842475388
Kentucky,2025,12,4735,83.6325237592397,11.575079197465682
Kentucky,2026,1,11450,90.68995633187772,10.080087336244542
Kentucky,2026,2,7219,80.78681257791938,12.123147250311678
Kentucky,2026,3,4966,76.21828433346758,13.198852194925493
Kentucky,2026,4,4355,77.17566016073478,12.802296211251436
Kentucky,2026,5,4063,87.12773812453852,11.009229633275904
Kentucky,2026,6,4581,87.7755948482864,10.74863566906789
Kentucky,2026,7,4632,91.90414507772022,10.069516407599309
Louisiana,2020,1,5888,94.83695652173914,9.457795516304348
Louisiana,2020,2,4466,96.730855351545,9.141849529780565
Louisiana,2020,3,88865,99.72092499859338,7.48234400495133
Louisiana,2020,4,443234,98.952472057649,7.8399682786067855
Louisiana,2020,5,130616,95.48600477736265,8.47220095547253
Louisiana,2020,6,78170,91.75131124472304,9.57330177817577
Louisiana,2020,7,72156,91.91889794334497,9.896481235101724
Louisiana,2020,8,1805,81.93905817174515,12.664265927977839
Louisiana,2020,9,20571,84.12328034611832,13.30630499246512
Louisiana,2020,10,21742,77.28819795786957,16.43225094287554
Louisiana,2020,11,9360,83.44017094017094,11.821955128205127
Louisiana,2020,12,2559,78.66354044548652,14.535169988276671
Louisiana,2021,1,5334,75.83427071616047,15.86286089238845
Louisiana,2021,2,9614,66.91283544830455,17.916892032452672
Louisiana,2021,3,12118,65.70391153655719,18.392061396270012
Louisiana,2021,4,23311,67.41452533138862,15.685212989575737
Louisiana,2021,5,25643,64.17345864368443,17.439983621261163
Louisiana,2021,6,18449,77.57602038050842,14.213859829801073
Louisiana,2021,7,11223,86.18016573108794,12.419896640826874
Louisiana,2021,8,7301,86.3306396384057,11.70367073003698
Louisiana,2021,9,25203,92.4096337737571,9.707316589294924
Louisiana,2021,10,9895,68.70136432541688,15.474128347650328
Louisiana,2021,11,4834,80.3061646669425,13.047889946214315
Louisiana,2021,12,4021,93.58368565033574,8.36955981099229
Louisiana,2022,1,2930,91.36518771331058,9.385836177474403
Louisiana,2022,2,3586,80.64696040156163,11.409927495817067
Louisiana,2022,3,3304,85.83535108958837,11.579146489104117
Louisiana,2022,4,3094,90.40077569489334,10.328862314156432
Louisiana,2022,5,3789,93.50752177355503,9.447347585114805
Louisiana,2022,6,4374,92.40969364426155,9.798239597622313
Louisiana,2022,7,5520,72.91666666666666,14.31340579710145
Louisiana,2022,8,5455,81.90650779101742,12.508890925756187
Louisiana,2022,9,4564,86.52497808939526,11.46921560035057
Louisiana,2022,10,4055,91.86189889025894,10.12577065351418
Louisiana,2022,11,3488,91.22706422018348,10.438073394495413
Louisiana,2022,12,4090,90.6356968215159,10.596088019559902
Louisiana,2023,1,4591,80.13504683075583,12.730233064691788
Louisiana,2023,2,4428,76.94218608852755,13.517163504968384
Louisiana,2023,3,4321,83.84633186762323,12.315204813700532
Louisiana,2023,4,3548,89.71251409244645,10.730975197294251
Louisiana,2023,5,4532,89.56310679611651,10.636253309796999
Louisiana,2023,6,6751,90.60879869648942,10.359428232854391
Louisiana,2023,7,5672,82.70451339915374,12.25
Louisiana,2023,8,5193,82.26458694396302,12.852301174658194
Louisiana,2023,9,3646,81.23971475589687,14.52921009325288
Louisiana,2023,10,4804,80.87010824313072,14.814425478767694
Louisiana,2023,11,4095,83.15018315018315,12.66007326007326
Louisiana,2023,12,4533,82.04279726450474,12.528899183763512
Louisiana,2024,1,4095,77.43589743589745,13.43931623931624
Louisiana,2024,2,4530,85.93818984547461,11.552317880794702
Louisiana,2024,3,3756,91.32055378061767,10.3895101171459
Louisiana,2024,4,3944,93.35699797160242,9.883493914807302
Louisiana,2024,5,4140,92.3913043478261,10.3018115942029
Louisiana,2024,6,5759,90.7970133703768,10.322278173293975
Louisiana,2024,7,5896,81.54681139755766,12.793588873812755
Louisiana,2024,8,4787,78.71318153331941,14.313975349905995
Louisiana,2024,9,4113,78.7503039144177,14.412958910770726
Louisiana,2024,10,4600,81.28260869565217,14.072065217391305
Louisiana,2024,11,3658,86.85073810825588,11.85483870967742
Louisiana,2024,12,4509,89.64293634952317,10.947549345752938
Louisiana,2025,1,4218,86.13086770981508,11.92863916548127
Louisiana,2025,2,4038,84.96780584447747,12.134967805844477
Louisiana,2025,3,3643,89.81608564370025,10.80936041723854
Louisiana,2025,4,3581,90.56129572745043,10.669086847249371
Louisiana,2025,5,4091,90.10021999511122,10.445490100219995
Louisiana,2025,6,6062,88.46915209501815,10.726575387660837
Louisiana,2025,7,5933,78.34147985841902,13.168548794876116
Louisiana,2025,8,4691,78.14964826263056,13.097846940950756
Louisiana,2025,9,4332,82.10987996306555,12.617266851338874
Louisiana,2025,10,4340,85.76036866359446,11.881912442396313
Louisiana,2025,11,3334,89.56208758248351,10.810437912417516
Louisiana,2025,12,3793,89.11152122330608,10.585552333245452
Louisiana,2026,1,3208,81.6708229426434,12.253117206982544
Louisiana,2026,2,3335,80.08995502248875,12.740029985007496
Louisiana,2026,3,3177,87.94460182562166,11.523135033050048
Louisiana,2026,4,2848,91.88904494382022,10.307057584269662
Louisiana,2026,5,2716,92.12076583210603,10.211340206185566
Louisiana,2026,6,4890,91.30879345603272,10.166155419222903
Louisiana,2026,7,4346,86.03313391624482,11.212149102623101
Louisiana,2026,8,3574,88.7241186345831,10.931309457190823
Maine,2020,1,7227,92.86010792860108,9.245122457451224
Maine,2020,2,4428,94.15085817524842,9.155713640469738
Maine,2020,3,35876,99.53729512766195,7.86191325677333
Maine,2020,4,97885,91.60341216733923,9.519022322112683
Maine,2020,5,56044,64.129969309828,22.374214902576547
Maine,2020,6,16688,75.73705656759347,17.655351150527324
Maine,2020,7,13911,82.66839192006326,12.024800517576018
Maine,2020,8,7908,75.84724329792614,15.543120890237734
Maine,2020,9,3996,81.25625625625625,13.214964964964965
Maine,2020,10,3110,82.63665594855306,11.876527331189711
Maine,2020,11,3389,86.39716730598997,11.226320448509885
Maine,2020,12,6761,86.18547552137258,11.388773850022186
Maine,2021,1,7955,85.71967316153362,11.403079824010057
Maine,2021,2,5886,79.9184505606524,13.323394495412844
Maine,2021,3,8296,91.20057859209257,10.057196239151398
Maine,2021,4,6966,87.32414585127763,10.809790410565604
Maine,2021,5,3821,77.64982988746402,13.999738288406176
Maine,2021,6,4102,78.37640175524135,14.349829351535837
Maine,2021,7,3886,82.86155429747812,12.559572825527535
Maine,2021,8,2517,80.61183949145808,13.416765991259435
Maine,2021,9,3422,93.33722969023964,9.248100526008182
Maine,2021,10,1219,86.54634946677605,11.215750615258408
Maine,2021,11,2513,90.8475925189017,10.201949860724234
Maine,2021,12,3780,92.4074074074074,9.611904761904762
Maine,2022,1,6065,93.37180544105523,9.294476504534213
Maine,2022,2,3414,88.19566490919742,10.73842999414177
Maine,2022,3,2685,89.60893854748603,10.304841713221602
Maine,2022,4,3006,95.24284763805721,8.85645375914837
Maine,2022,5,2065,93.41404358353512,9.35641646489104
Maine,2022,6,1567,93.17166560306318,9.568283343969368
Maine,2022,7,2113,93.42167534311405,9.6940369143398
Maine,2022,8,1628,91.15479115479116,9.99938574938575
Maine,2022,9,1092,88.27838827838828,11.03617216117216
Maine,2022,10,1331,88.65514650638617,10.646506386175808
Maine,2022,11,2361,93.39263024142312,9.487293519695044
Maine,2022,12,3847,92.90356121653235,9.572783987522746
Maine,2023,1,6287,93.79672339748689,9.199141084778114
Maine,2023,2,3607,89.96395896867203,10.26836706404214
Maine,2023,3,3601,91.64121077478478,9.919744515412386
Maine,2023,4,3502,92.0902341519132,9.636065105653913
Maine,2023,5,2832,90.14830508474576,10.30225988700565
Maine,2023,6,1919,91.55810317873893,10.14773319437207
Maine,2023,7,2431,93.66515837104072,9.417729329494035
Maine,2023,8,1757,91.00739897552647,9.957598178713717
Maine,2023,9,1546,91.33247089262613,10.194372574385511
Maine,2023,10,1812,90.50772626931567,10.225993377483444
Maine,2023,11,2837,94.14874867818118,9.25766654917166
Maine,2023,12,4188,95.7258834765998,8.815305635148041
Maine,2024,1,6576,95.74209245742092,8.839720194647201
Maine,2024,2,4106,92.64490988796882,9.646005845104725
Maine,2024,3,3079,91.65313413445924,10.153946086391686
Maine,2024,4,3322,93.67850692354004,9.333534015653221
Maine,2024,5,2549,92.85994507650058,9.553550411926246
Maine,2024,6,1795,92.14484679665739,9.974651810584959
Maine,2024,7,2729,93.03774276291682,9.541407108831073
Maine,2024,8,1783,92.5967470555244,9.770330902972518
Maine,2024,9,1723,92.74521183981427,9.951247823563552
Maine,2024,10,1942,92.22451081359424,10.155252317198764
Maine,2024,11,2808,95.2991452991453,9.079772079772079
Maine,2024,12,5160,95.05813953488372,8.955523255813954
Maine,2025,1,5956,95.08059100067159,8.968938885157824
Maine,2025,2,3846,90.95163806552262,10.0
Maine,2025,3,3538,87.13962690785755,10.906585641605426
Maine,2025,4,3485,89.55523672883787,10.27977044476327
Maine,2025,5,3124,92.76568501920615,9.662291933418693
Maine,2025,6,2677,93.31341053418005,9.62924915950691
Maine,2025,7,2823,94.15515409139213,9.27577045696068
Maine,2025,8,384,96.61458333333334,8.524739583333334
Maine,2025,9,318,97.48427672955975,8.525157232704403
Maine,2025,10,525,96.38095238095238,8.667619047619048
Maine,2025,11,665,98.64661654135338,7.896992481203007
Maine,2025,12,1737,98.67587795048935,7.868163500287853
Maine,2026,1,2127,98.35448989186648,7.840385519511049
Maine,2026,2,1235,96.43724696356276,8.53238866396761
Maine,2026,3,858,97.2027972027972,8.30944055944056
Maine,2026,4,857,98.48308051341891,7.823220536756126
Maine,2026,5,542,97.41697416974169,7.986162361623617
Maine,2026,6,490,97.75510204081633,7.990816326530612
Maine,2026,7,669,98.65470852017937,8.080717488789238
Maine,2026,8,340,99.11764705882354,8.030882352941177
Maryland,2020,1,18919,90.61261166023574,10.02550346212802
Maryland,2020,2,11397,86.36483285075019,10.81947003597438
Maryland,2020,3,40698,96.79591134699493,9.198547840188708
Maryland,2020,4,284604,88.38913015980098,10.472864049697122
Maryland,2020,5,95931,61.174177273248475,20.979328892641586
Maryland,2020,6,53003,63.72469482859461,24.728647435050846
Maryland,2020,7,27285,89.51072017592084,9.00637713029137
Maryland,2020,8,14205,81.34459697289687,12.466772263287575
Maryland,2020,9,8156,81.46150073565474,13.319335458558117
Maryland,2020,10,16981,79.32983923208292,12.581149520051822
Maryland,2020,11,9391,81.09892450218294,11.949206687253753
Maryland,2020,12,18587,80.12589444235219,12.563646634744714
Maryland,2021,1,24653,87.75808218066766,9.71753944753174
Maryland,2021,2,22028,82.30433993099692,10.504199201016888
Maryland,2021,3,16299,88.43487330511074,9.243603902079883
Maryland,2021,4,12362,88.71541821711698,9.750647144475003
Maryland,2021,5,7534,82.89089461109637,11.561653835943721
Maryland,2021,6,16626,76.1036930109467,12.302087092505714
Maryland,2021,7,8931,78.44586272533871,12.375769790616951
Maryland,2021,8,8505,81.3639035861258,13.461375661375662
Maryland,2021,9,6940,89.36599423631124,10.569524495677234
Maryland,2021,10,7285,82.0041180507893,11.875909402882636
Maryland,2021,11,6935,86.31578947368422,11.137995674116798
Maryland,2021,12,7145,89.27921623512947,9.701399580125962
Maryland,2022,1,11689,90.33279151338866,9.489819488407905
Maryland,2022,2,8768,83.9530109489051,12.042940237226277
Maryland,2022,3,5395,77.12696941612604,14.822335495829472
Maryland,2022,4,4131,81.1667877027354,11.822076978939725
Maryland,2022,5,5044,79.55987311657414,12.098136399682792
Maryland,2022,6,5985,81.13617376775272,12.044026733500418
Maryland,2022,7,6849,84.4502847130968,11.79055336545481
Maryland,2022,8,6495,81.09314857582756,12.677136258660507
Maryland,2022,9,4899,81.73096550316392,13.01153296591141
Maryland,2022,10,5715,83.04461942257217,12.102187226596675
Maryland,2022,11,9178,81.91327086511222,12.839453039877968
Maryland,2022,12,9511,83.58742508674166,12.267164336031962
Maryland,2023,1,11865,85.36873156342183,11.291361146228402
Maryland,2023,2,8429,80.74504686202395,12.617570293035948
Maryland,2023,3,7476,79.15997859818084,13.64111824505083
Maryland,2023,4,5787,83.79125626404009,11.92405391394505
Maryland,2023,5,6252,81.20601407549583,11.81445937300064
Maryland,2023,6,7358,85.15901060070671,11.22662408263115
Maryland,2023,7,8218,82.06376247262106,11.717571185203212
Maryland,2023,8,7837,80.96210284547658,11.914571902513718
Maryland,2023,9,6054,75.48728113643872,13.119672943508425
Maryland,2023,10,6907,78.19603300998986,12.474880555957723
Maryland,2023,11,7157,80.03353360346513,12.043384099483024
Maryland,2023,12,7732,79.99224004138644,12.095447490946714
Maryland,2024,1,12267,84.64987364473792,11.174411021439635
Maryland,2024,2,8663,80.18007618607874,12.169860325522336
Maryland,2024,3,6796,75.39729252501472,13.155900529723366
Maryland,2024,4,9101,80.39775848807822,12.260575760905395
Maryland,2024,5,7462,77.94157062449746,12.654516215491824
Maryland,2024,6,8143,81.94768512833109,11.91428220557534
Maryland,2024,7,10394,79.77679430440638,12.492255147200307
Maryland,2024,8,8685,81.0132412204951,12.394991364421417
Maryland,2024,9,6969,82.12082077772995,11.77672549863682
Maryland,2024,10,7878,84.93272404163493,11.453287636455954
Maryland,2024,11,6175,84.51821862348177,11.598704453441295
Maryland,2024,12,8818,84.14606486731685,11.798820594239057
Maryland,2025,1,13100,85.34351145038168,11.709083969465649
Maryland,2025,2,10081,80.56740402737823,12.81683364745561
Maryland,2025,3,9852,78.58302882663418,13.230866829070239
Maryland,2025,4,9919,79.15112410525255,12.949289242867225
Maryland,2025,5,8858,81.22601038609167,12.132253330322872
Maryland,2025,6,10271,84.84081394216727,11.34767792814721
Maryland,2025,7,11199,79.17671220644701,12.783373515492455
Maryland,2025,8,9536,77.63213087248322,13.592911073825503
Maryland,2025,9,8810,76.79909194097615,14.076844494892168
Maryland,2025,10,15102,84.26698450536352,12.162163951794465
Maryland,2025,11,11675,81.9186295503212,12.521327623126338
Maryland,2025,12,10281,82.77404921700223,12.58676198813345
Maryland,2026,1,12308,84.25414364640883,11.86679395515112
Maryland,2026,2,10688,84.46856287425149,11.458691991017965
Maryland,2026,3,8247,79.47132290529889,12.689584091184674
Maryland,2026,4,7333,78.18082640120005,12.722964680212737
Maryland,2026,5,6581,79.98784379273667,12.392721470901078
Maryland,2026,6,9415,81.58258098778545,11.909346787041954
Maryland,2026,7,9793,79.85295619319922,12.275298682732563
Massachusetts,2020,1,46546,95.02427705925321,9.182636531603146
Massachusetts,2020,2,32091,91.51163877722726,10.41563055062167
Massachusetts,2020,3,92440,95.68044136737343,9.09527801817395
Massachusetts,2020,4,356332,87.66150668477711,10.78047158268132
Massachusetts,2020,5,166828,79.67427530150813,13.16417507852399
Massachusetts,2020,6,96467,84.65174619299864,12.393580188043579
Massachusetts,2020,7,73612,81.91463348367114,12.353386676085421
Massachusetts,2020,8,40085,74.20980416614694,13.98954721217413
Massachusetts,2020,9,35282,79.77722351340627,12.624270166090358
Massachusetts,2020,10,29899,86.03632228502626,11.160724438944447
Massachusetts,2020,11,16719,69.87858125485974,15.6222561157964
Massachusetts,2020,12,22407,82.9919221671799,12.455549605034141
Massachusetts,2021,1,25407,79.596174282678,13.470500255835006
Massachusetts,2021,2,27144,73.38269967580312,16.589393604479813
Massachusetts,2021,3,32729,75.64239665128784,17.018103211219408
Massachusetts,2021,4,23609,87.37345927400567,12.008937269685289
Massachusetts,2021,5,17042,82.68982513789462,13.595704729491844
Massachusetts,2021,6,17134,85.05311077389986,12.712384732111591
Massachusetts,2021,7,17196,86.03163526401488,11.98959060246569
Massachusetts,2021,8,13323,83.8324701643774,12.486639645725438
Massachusetts,2021,9,30016,92.35740938166312,9.611507196162046
Massachusetts,2021,10,13842,86.12917208495881,11.123645426961422
Massachusetts,2021,11,17959,89.94376078846261,10.344506932457264
Massachusetts,2021,12,24005,91.47677567173506,9.829952093313892
Massachusetts,2022,1,37693,92.48666861220917,9.749927042156369
Massachusetts,2022,2,25696,88.06039850560398,10.90373988169365
Massachusetts,2022,3,22592,84.90173512747874,11.926434135977336
Massachusetts,2022,4,18500,86.74594594594595,11.508054054054053
Massachusetts,2022,5,15384,87.7210088403536,10.805902236089443
Massachusetts,2022,6,18304,89.16083916083916,10.495929851398602
Massachusetts,2022,7,26210,91.21709271270507,9.967588706600534
Massachusetts,2022,8,19917,90.26961891851182,10.27175277401215
Massachusetts,2022,9,13896,89.93235463442717,10.388672999424294
Massachusetts,2022,10,13433,87.51581925109804,10.918112111963076
Massachusetts,2022,11,20147,89.61632004764978,10.462426167667642
Massachusetts,2022,12,28866,91.08986350724035,10.137895794360148
Massachusetts,2023,1,47098,93.27572296063528,9.59861352923691
Massachusetts,2023,2,30070,89.15197871632856,10.816544728965747
Massachusetts,2023,3,25242,86.24910862847635,11.874257190396957
Massachusetts,2023,4,20511,87.41163278240944,11.34169470040466
Massachusetts,2023,5,22315,85.63746358951379,11.806363432668608
Massachusetts,2023,6,21600,86.26388888888889,11.64886574074074
Massachusetts,2023,7,28043,88.24305530791999,10.93871910993831
Massachusetts,2023,8,23139,84.5109987467047,11.981416655862397
Massachusetts,2023,9,17327,82.21850291452645,13.16482945691695
Massachusetts,2023,10,18863,85.18793405078725,12.033451730901765
Massachusetts,2023,11,22286,90.75204164049178,10.310127434263663
Massachusetts,2023,12,28423,93.04436547866165,9.576311437919994
Massachusetts,2024,1,47159,93.53675862507687,9.376396870162642
Massachusetts,2024,2,30650,87.71615008156607,10.83026101141925
Massachusetts,2024,3,22747,83.34285839890974,12.257440541609883
Massachusetts,2024,4,19753,83.7088037260163,11.985673062319648
Massachusetts,2024,5,17642,83.74333975739712,12.489031855798663
Massachusetts,2024,6,15241,83.90525556065876,12.544518076241717
Massachusetts,2024,7,27127,85.29509344933092,11.601467172927341
Massachusetts,2024,8,19765,82.40829749557298,12.80361750569188
Massachusetts,2024,9,20541,85.83321162552943,11.599995131687844
Massachusetts,2024,10,19142,85.03291192142932,11.580895413227458
Massachusetts,2024,11,18448,85.53230702515178,11.683217692974848
Massachusetts,2024,12,32421,88.59689707288486,10.84400542858024
Massachusetts,2025,1,45860,90.24204099433058,10.509060183166158
Massachusetts,2025,2,30817,85.18674757439075,11.918016030113249
Massachusetts,2025,3,25501,81.34582957531077,13.6052311674052
Massachusetts,2025,4,21186,86.03794958935146,11.768526385348816
Massachusetts,2025,5,11912,81.43049026192075,13.596835124244459
Massachusetts,2025,6,12172,75.73118632928032,16.055044364114362
Massachusetts,2025,7,27434,76.27761172267988,15.732594590653934
Massachusetts,2025,8,23381,75.48864462597837,16.10555579316539
Massachusetts,2025,9,20412,80.19792279051539,15.0851459925534
Massachusetts,2025,10,25261,83.63485214362059,13.452139661929456
Massachusetts,2025,11,21107,86.81006301227082,11.608305301558724
Massachusetts,2025,12,35704,86.64295317051311,11.578044476809321
Massachusetts,2026,1,46384,88.61245256985167,10.853246809244567
Massachusetts,2026,2,34528,85.30178405931417,11.707599629286376
Massachusetts,2026,3,28793,80.81130830410169,13.326919737436182
Massachusetts,2026,4,21042,86.23229731014163,11.366790229065678
Massachusetts,2026,5,19562,85.17533994479092,11.96143032409774
Massachusetts,2026,6,24545,87.12568751273172,11.379608881645956
Massachusetts,2026,7,30420,90.00328731097962,10.52024983563445
Michigan,2020,1,83815,88.37678219889041,11.918540833979598
Michigan,2020,2,32379,81.75669415361808,13.157092559992588
Michigan,2020,3,53360,93.59632683658171,11.446579835082458
Michigan,2020,4,1156583,89.86505940343235,11.650022955550963
Michigan,2020,5,536661,66.19560579211084,19.605416641045277
Michigan,2020,6,160988,73.42969662335081,19.274331006037716
Michigan,2020,7,107847,83.28928945635947,14.209880664274388
Michigan,2020,8,58159,86.12252617823553,12.78257879262023
Michigan,2020,9,38123,88.10954017259922,12.584109330325525
Michigan,2020,10,30928,82.28142783238489,13.177541386445938
Michigan,2020,11,37637,80.36506629114967,13.721231766612641
Michigan,2020,12,54999,81.8451244568083,13.525045909925636
Michigan,2021,1,66001,83.01540885744156,13.541006954440084
Michigan,2021,2,37130,75.66927013196876,16.04280904928629
Michigan,2021,3,27939,76.84598589784889,15.176867461254878
Michigan,2021,4,50995,89.23423865084811,11.399921560937347
Michigan,2021,5,62692,82.21623173610668,13.026430804568365
Michigan,2021,6,37346,72.48969099769721,18.29261500562309
Michigan,2021,7,29259,83.97757954817321,14.371389999658225
Michigan,2021,8,30647,82.71935262831599,13.342072633536725
Michigan,2021,9,23629,75.32269668627534,19.287697321088494
Michigan,2021,10,14733,85.27115998099505,13.036923912305708
Michigan,2021,11,14112,89.39909297052154,11.588860544217686
Michigan,2021,12,20876,88.26403525579613,11.533722935428242
Michigan,2022,1,34100,85.08504398826979,13.00615835777126
Michigan,2022,2,31673,75.26915669497679,16.923183784295773
Michigan,2022,3,13843,79.23860434876832,14.236690023838763
Michigan,2022,4,17914,93.98236016523389,10.604387629786759
Michigan,2022,5,21709,91.90197613892856,10.75528582615505
Michigan,2022,6,11228,88.6177413608835,11.932757392233702
Michigan,2022,7,19838,89.23278556306079,11.57709950599859
Michigan,2022,8,15059,81.94435221462248,12.883259180556477
Michigan,2022,9,18559,92.3864432350881,11.477881351365914
Michigan,2022,10,12942,87.58306289599753,11.703948385102766
Michigan,2022,11,15953,82.2854635491757,14.154673102237824
Michigan,2022,12,25746,84.67723141458868,12.840713120484736
Michigan,2023,1,48310,80.75967708548954,13.527851376526598
Michigan,2023,2,25736,85.5183400683867,12.584803388249922
Michigan,2023,3,16128,82.2420634920635,13.033017113095237
Michigan,2023,4,14183,85.46851864908693,12.528943100895438
Michigan,2023,5,14339,85.61266476044355,11.983053211521026
Michigan,2023,6,10703,81.33233672802018,13.333691488367748
Michigan,2023,7,24731,86.34102947717439,12.551615381504993
Michigan,2023,8,13005,76.2245290272972,15.435640138408305
Michigan,2023,9,11909,78.68838693425141,14.632084977747922
Michigan,2023,10,19322,85.99006314046164,12.112773004864922
Michigan,2023,11,25659,82.38045130363615,12.865096067656573
Michigan,2023,12,29915,88.16647166973091,12.324084907237172
Michigan,2024,1,53628,85.95882747818304,12.160718281494741
Michigan,2024,2,28301,87.65767994063815,12.286173633440514
Michigan,2024,3,17524,84.99201095640265,12.936372974206803
Michigan,2024,4,14055,84.56065457132694,12.806759160441125
Michigan,2024,5,16832,85.49192015209125,12.193708412547528
Michigan,2024,6,13954,85.21570875734557,12.475311738569586
Michigan,2024,7,49411,91.33796118273258,11.475268664872194
Michigan,2024,8,18485,77.89018122802273,14.194400865566676
Michigan,2024,9,14356,83.12203956533854,13.058825578155474
Michigan,2024,10,30935,90.34427024406013,11.71786002909326
Michigan,2024,11,21661,87.29975532062232,12.169221180924241
Michigan,2024,12,37555,90.12381839968046,11.750326188257223
Michigan,2025,1,70234,90.94455676737763,11.53003531053336
Michigan,2025,2,27344,84.8120245757753,12.711033499122294
Michigan,2025,3,19988,86.52191314788872,12.241970182109265
Michigan,2025,4,1483,84.15374241402563,12.183749157113958
Michigan,2025,5,16974,87.71061623659715,11.931041593024625
Michigan,2025,6,17758,86.35544543304427,12.468549386192139
Michigan,2025,7,34789,89.85311449021242,11.774727643795453
Michigan,2025,8,19475,86.69062901155328,12.422541720154044
Michigan,2025,9,14032,85.21949828962371,12.704960091220068
Michigan,2025,10,17159,88.80470889912,11.893787516755056
Michigan,2025,11,29216,90.50177984665937,11.17521221248631
Michigan,2025,12,38915,90.79275343697802,11.723512784273417
Michigan,2026,1,66901,91.0644086037578,11.626223823261236
Michigan,2026,2,30215,83.0812510342545,13.026228694357107
Michigan,2026,3,22896,83.11495457721873,13.642448462613556
Michigan,2026,4,13854,80.91525913093692,13.707629565468457
Michigan,2026,5,12569,82.80690587954491,13.174397326756305
Michigan,2026,6,15621,82.7795915754433,13.122559375200051
Michigan,2026,7,27524,89.3293125999128,11.981379886644383
Minnesota,2020,1,39911,97.53701986920899,8.0300418431009
Minnesota,2020,2,20331,96.29137769908023,8.3178397521027
Minnesota,2020,3,12374,93.69646032002586,8.867908517860029
Minnesota,2020,4,6104,93.92201834862385,8.955275229357799
Minnesota,2020,5,1922,90.11446409989594,10.198231009365244
Minnesota,2020,6,1019,91.06967615309127,10.03287536800785
Minnesota,2020,7,880,88.86363636363637,10.680681818181819
Minnesota,2020,8,498,88.35341365461848,10.923694779116467
Minnesota,2020,9,389,88.4318766066838,10.727506426735218
Minnesota,2020,10,343,90.67055393586006,9.947521865889213
Minnesota,2020,11,479,90.81419624217119,9.594989561586639
Minnesota,2020,12,675,92.14814814814815,9.224444444444444
Minnesota,2021,1,15304,99.82357553580763,7.471837428123367
Minnesota,2021,2,23999,95.19979999166632,8.469227884495186
Minnesota,2021,3,29233,93.53812472206069,8.975336092771867
Minnesota,2021,4,41169,94.79462702518886,8.742536860258932
Minnesota,2021,5,26028,89.57660980482557,10.38946519133241
Minnesota,2021,6,21856,87.25292825768668,11.20005948023426
Minnesota,2021,7,15491,87.63152798399071,10.77590213672455
Minnesota,2021,8,14146,89.32560441114096,10.20072812102361
Minnesota,2021,9,36289,95.99052054341536,8.413100388547493
Minnesota,2021,10,11352,89.22656800563777,10.021890415785764
Minnesota,2021,11,20394,95.17995488869275,8.647886633323527
Minnesota,2021,12,35155,96.22244346465652,8.379789503626796
Minnesota,2022,1,39069,96.2143899255164,8.384703985256854
Minnesota,2022,2,19231,93.66127606468723,9.11021267744787
Minnesota,2022,3,15577,93.48398279514669,9.072992232137125
Minnesota,2022,4,12448,93.91870179948586,9.053502570694087
Minnesota,2022,5,9816,92.63447432762835,9.361705378973106
Minnesota,2022,6,11730,92.62574595055413,9.34462915601023
Minnesota,2022,7,9882,91.34790528233151,9.685033394049787
Minnesota,2022,8,9388,91.84064763527908,9.619141457179378
Minnesota,2022,9,7857,90.96347206312842,9.75957744686267
Minnesota,2022,10,7842,91.36699821474113,9.634404488650855
Minnesota,2022,11,20021,95.5996203985815,8.522826032665701
Minnesota,2022,12,35689,96.13046036593909,8.40474656056488
Minnesota,2023,1,42169,95.93065996348028,8.48752638193934
Minnesota,2023,2,21895,94.16761817766613,8.916921671614524
Minnesota,2023,3,17527,93.26182461345353,9.215809893307469
Minnesota,2023,4,13146,93.17663167503423,9.18914498706831
Minnesota,2023,5,11943,91.74411789332663,9.537637109603953
Minnesota,2023,6,34087,96.77002963006424,8.345703640684132
Minnesota,2023,7,24925,91.46639919759278,9.762427281845536
Minnesota,2023,8,16170,91.28633271490413,9.95030921459493
Minnesota,2023,9,10357,90.5764217437482,9.920778217630588
Minnesota,2023,10,11676,92.1634121274409,9.48021582733813
Minnesota,2023,11,20991,94.88828545567148,8.745652898861417
Minnesota,2023,12,36668,96.04014399476382,8.420052907167012
Minnesota,2024,1,49069,95.78960239662516,8.519615235688521
Minnesota,2024,2,23645,93.72383167688729,9.102664411080566
Minnesota,2024,3,16902,93.32031712223406,9.2077268962253
Minnesota,2024,4,15790,93.76820772640913,9.128372387587081
Minnesota,2024,5,12655,92.92769656262348,9.319280916633742
Minnesota,2024,6,40650,97.47109471094711,8.088782287822879
Minnesota,2024,7,33355,93.13146454804378,9.255403987408185
Minnesota,2024,8,15250,92.7672131147541,9.436819672131147
Minnesota,2024,9,11555,92.25443530938988,9.499826914755516
Minnesota,2024,10,13827,93.00643668185434,9.25291097128806
Minnesota,2024,11,19024,95.46362489486964,8.63049306139613
Minnesota,2024,12,46034,96.90663422687578,8.218675326932267
Minnesota,2025,1,44348,96.19825020294039,8.444946784522413
Minnesota,2025,2,24257,95.10244465515109,8.718122603784474
Minnesota,2025,3,16921,93.93061875775663,9.030051415400981
Minnesota,2025,4,14977,93.20291113039994,9.162515857648394
Minnesota,2025,5,12385,93.28219620508679,9.22402099313686
Minnesota,2025,6,44152,97.58108352962493,8.05810608805943
Minnesota,2025,7,33233,93.87957752836037,9.005476484217494
Minnesota,2025,8,15179,93.61618024902826,9.20729297055142
Minnesota,2025,9,12275,92.32586558044807,9.426313645621182
Minnesota,2025,10,13086,93.94773039889958,9.060369860920067
Minnesota,2025,11,18121,95.55212184758015,8.563020804591359
Minnesota,2025,12,47933,96.9478230029416,8.214747668620783
Minnesota,2026,1,41960,96.24880838894185,8.38591515729266
Minnesota,2026,2,24086,95.43718342605662,8.67493564726397
Minnesota,2026,3,18200,94.42307692307692,8.878324175824176
Minnesota,2026,4,13403,93.71036335148847,9.082929194956353
Minnesota,2026,5,10734,93.05943730203093,9.214551891186883
Minnesota,2026,6,49000,97.65102040816328,8.033959183673469
Minnesota,2026,7,29093,93.7132643591242,9.060323789227649
Minnesota,2026,8,14493,92.7758228110122,9.317360104878217
Mississippi,2020,1,3716,94.91388589881593,9.055705059203445
Mississippi,2020,2,2616,95.90978593272172,8.855122324159021
Mississippi,2020,3,26237,98.94805046308647,7.708693829324999
Mississippi,2020,4,121458,90.91702481516243,9.959780335589258
Mississippi,2020,5,181219,59.14721966239743,22.506668726789133
Mississippi,2020,6,62117,87.33036044883043,12.413791715633401
Mississippi,2020,7,48367,91.88496288791946,10.254698451423492
Mississippi,2020,8,17637,81.98673243748938,13.335091001871067
Mississippi,2020,9,8620,82.11136890951276,14.451798143851509
Mississippi,2020,10,8256,90.27374031007753,10.053415697674419
Mississippi,2020,11,3684,87.56786102062975,10.781487513572204
Mississippi,2020,12,4540,88.34801762114537,10.558039647577093
Mississippi,2021,1,6915,85.22053506869125,12.007375271149675
Mississippi,2021,2,7426,88.24400754107191,10.793361163479666
Mississippi,2021,3,8700,81.58620689655173,13.010689655172413
Mississippi,2021,4,16836,93.5792349726776,9.615348063673082
Mississippi,2021,5,7055,88.41956059532247,10.633734939759035
Mississippi,2021,6,8710,91.3662456946039,10.10068886337543
Mississippi,2021,7,5418,90.73458840900702,10.02842377260982
Mississippi,2021,8,2955,90.01692047377327,10.025042301184433
Mississippi,2021,9,1956,88.24130879345603,10.734151329243353
Mississippi,2021,10,1488,87.02956989247312,11.388104838709678
Mississippi,2021,11,1490,90.93959731543623,9.946308724832214
Mississippi,2021,12,1568,90.11479591836735,10.376275510204081
Mississippi,2022,1,2010,91.94029850746269,9.740298507462686
Mississippi,2022,2,1493,89.28332217012725,10.530140656396517
Mississippi,2022,3,1487,91.45931405514459,10.043712172158708
Mississippi,2022,4,1610,92.48447204968943,9.841614906832298
Mississippi,2022,5,2127,94.12317818523742,9.01904090267983
Mississippi,2022,6,4059,96.03350578960334,8.650652870165064
Mississippi,2022,7,4732,94.67455621301775,8.853021978021978
Mississippi,2022,8,2742,88.7673231218089,10.635849744711889
Mississippi,2022,9,1805,78.94736842105263,12.918559556786704
Mississippi,2022,10,2025,92.19753086419753,9.640493827160494
Mississippi,2022,11,1785,92.54901960784314,9.529971988795518
Mississippi,2022,12,2798,93.56683345246604,9.227483917083632
Mississippi,2023,1,2751,92.075608869502,9.917848055252636
Mississippi,2023,2,2052,92.78752436647173,9.713206627680313
Mississippi,2023,3,2041,92.94463498285155,9.700391964723176
Mississippi,2023,4,2273,92.82886053673559,9.44830620325561
Mississippi,2023,5,2785,92.17235188509875,10.019210053859965
Mississippi,2023,6,4080,92.84313725490196,9.682843137254903
Mississippi,2023,7,4088,91.70743639921723,9.855919765166341
Mississippi,2023,8,2844,86.21659634317862,11.425105485232068
Mississippi,2023,9,1927,79.76128697457187,12.167618059159315
Mississippi,2023,10,2119,81.78386031146768,12.051675318546485
Mississippi,2023,11,2200,83.72727272727273,11.662272727272727
Mississippi,2023,12,2280,89.47368421052632,10.625657894736841
Mississippi,2024,1,2967,91.1695315133131,10.289349511290867
Mississippi,2024,2,2350,92.68085106382978,10.10659574468085
Mississippi,2024,3,2059,93.63768819815445,9.722195240407965
Mississippi,2024,4,2229,92.68730372364288,10.025796321220279
Mississippi,2024,5,2524,92.63074484944532,9.995641838351823
Mississippi,2024,6,4025,93.66459627329192,9.272795031055901
Mississippi,2024,7,4900,90.44897959183673,9.893163265306123
Mississippi,2024,8,3057,87.99476611056592,10.772652927706902
Mississippi,2024,9,2131,90.94321914594087,10.338808071328016
Mississippi,2024,10,2165,91.5473441108545,9.857505773672056
Mississippi,2024,11,1939,92.0061887570913,9.698813821557504
Mississippi,2024,12,3017,93.30460722572091,9.250911501491547
Mississippi,2025,1,3309,93.04925959504382,9.563161075853733
Mississippi,2025,2,2253,91.83311140701286,9.729693741677764
Mississippi,2025,3,2170,92.85714285714286,9.745622119815668
Mississippi,2025,4,2089,93.01101005265677,9.432024892292963
Mississippi,2025,5,2490,93.49397590361446,9.301004016064256
Mississippi,2025,6,4722,96.14570097416349,8.598263447691656
Mississippi,2025,7,4114,94.70102090422947,9.086533787068547
Mississippi,2025,8,2754,90.99491648511257,10.148692810457517
Mississippi,2025,9,2247,88.91855807743659,10.748331108144193
Mississippi,2025,10,2354,90.48428207306712,10.453271028037383
Mississippi,2025,11,2036,92.28880157170923,9.837426326129666
Mississippi,2025,12,2528,89.99208860759494,10.411590189873417
Mississippi,2026,1,2465,87.30223123732252,10.933062880324544
Mississippi,2026,2,2167,89.24780802953391,11.091601292108907
Mississippi,2026,3,2483,89.48852194925493,11.180628272251308
Mississippi,2026,4,2331,91.07679107679107,10.671600171600172
Mississippi,2026,5,2662,91.58527422990232,10.27404207362885
Mississippi,2026,6,4651,94.2377983229413,9.238980864330252
Mississippi,2026,7,3747,92.18041099546303,9.974779823859087
Mississippi,2026,8,2592,90.12345679012346,11.275848765432098
Missouri,2020,1,22694,96.63347140213273,8.531109544372962
Missouri,2020,2,15441,94.61174794378603,8.971569198886083
Missouri,2020,3,40572,98.54825988366362,9.441523710933648
Missouri,2020,4,339786,95.5018747093759,9.98037146910114
Missouri,2020,5,109069,88.27531195848499,12.048308868697797
Missouri,2020,6,57118,85.2603382471375,14.160956265975699
Missouri,2020,7,37726,89.89291205004506,11.537745851667285
Missouri,2020,8,24453,80.82034924140187,14.91575675786202
Missouri,2020,9,20751,81.06597272420606,13.82138210206737
Missouri,2020,10,13162,85.53411335663273,11.677746543078559
Missouri,2020,11,11061,85.10080462887623,11.614320585842147
Missouri,2020,12,13197,89.92195195877851,10.502045919527164
Missouri,2021,1,19625,94.63949044585988,8.998904458598727
Missouri,2021,2,21620,93.56614246068456,9.632308048103608
Missouri,2021,3,17903,83.53907166396694,13.666564262972686
Missouri,2021,4,35081,93.76300561557538,9.530714631852
Missouri,2021,5,25397,90.55400244123322,10.132555026184194
Missouri,2021,6,22240,90.53057553956835,10.469222122302158
Missouri,2021,7,12826,84.65616716045533,12.550873226259162
Missouri,2021,8,10820,87.98521256931609,10.79496303142329
Missouri,2021,9,6187,90.83562308065298,10.008485534184581
Missouri,2021,10,5559,92.08490735743838,9.692570606224141
Missouri,2021,11,6087,94.94003614259898,8.714062756694595
Missouri,2021,12,6812,93.26189078097475,9.094832648267763
Missouri,2022,1,13081,93.71607675254185,8.965942970720892
Missouri,2022,2,11836,88.06184521797906,10.395361608651571
Missouri,2022,3,8902,84.46416535609976,11.522354527072569
Missouri,2022,4,6706,93.88607217417238,9.548836862511184
Missouri,2022,5,6092,93.87721602101117,9.339297439264609
Missouri,2022,6,8709,93.12205764152026,9.174130210127455
Missouri,2022,7,11335,92.41288045875606,9.249845610939568
Missouri,2022,8,9106,92.13705249286186,9.544585987261147
Missouri,2022,9,5472,92.47076023391813,9.79093567251462
Missouri,2022,10,6576,94.8905109489051,9.12971411192214
Missouri,2022,11,6705,91.54362416107382,9.965846383296048
Missouri,2022,12,8198,93.79116857770188,9.391619907294462
Missouri,2023,1,18038,93.81860516686994,9.047621687548508
Missouri,2023,2,10826,89.24810641049325,10.538426011453907
Missouri,2023,3,8552,83.50093545369505,12.39271515434986
Missouri,2023,4,6972,86.74698795180723,10.886044176706827
Missouri,2023,5,7187,91.67942117712536,9.833310143314318
Missouri,2023,6,9309,90.25674078848425,10.102696315393706
Missouri,2023,7,10773,88.74965190754665,10.937714657012902
Missouri,2023,8,12525,88.41516966067864,10.932415169660679
Missouri,2023,9,8691,85.98550224370038,11.715280174893568
Missouri,2023,10,9681,82.52246668732569,13.45413696932135
Missouri,2023,11,8074,80.1956898687144,13.182685162249195
Missouri,2023,12,8463,83.24471227697035,12.19697506794281
Missouri,2024,1,19380,91.36222910216718,10.262487100103199
Missouri,2024,2,13552,82.06906729634002,12.364005312868949
Missouri,2024,3,10374,85.09735878156931,11.52515905147484
Missouri,2024,4,7951,93.24613256194189,9.874858508363728
Missouri,2024,5,7509,93.84738314023173,9.466240511386337
Missouri,2024,6,9297,93.26664515435087,9.413735613638808
Missouri,2024,7,13333,88.87722193054827,10.005437635940899
Missouri,2024,8,9732,84.73078503904644,11.137484586929716
Missouri,2024,9,7110,88.74824191279887,10.65337552742616
Missouri,2024,10,8341,91.87147824001917,10.013907205371058
Missouri,2024,11,7374,93.08380797396258,9.686465961486304
Missouri,2024,12,10716,95.25942515864129,9.020903322135124
Missouri,2025,1,26938,96.16526839409013,8.561474496993096
Missouri,2025,2,13856,90.76934180138568,9.743252020785219
Missouri,2025,3,9761,92.3470955844688,9.900573711709866
Missouri,2025,4,7422,92.11802748585288,10.028294260307195
Missouri,2025,5,7161,91.39784946236558,10.100544616673648
Missouri,2025,6,11182,91.63834734394563,9.74923984975854
Missouri,2025,7,12653,94.90239468900657,9.144471666798388
Missouri,2025,8,8512,94.03195488721805,9.530192669172932
Missouri,2025,9,7495,93.24883255503669,9.752368245496998
Missouri,2025,10,10937,95.71180396818141,8.930785407332907
Missouri,2025,11,13415,96.59336563548267,8.549944092433842
Missouri,2025,12,10064,93.02464228934817,9.551669316375198
Missouri,2026,1,18434,92.40533796246066,9.09222089617012
Missouri,2026,2,13410,90.93214019388516,9.680014914243102
Missouri,2026,3,9006,93.93737508327781,9.57972462802576
Missouri,2026,4,6872,94.9359720605355,9.356446449359721
Missouri,2026,5,6180,95.30744336569579,9.161084142394822
Missouri,2026,6,10732,94.13902348117779,9.17047148714126
Missouri,2026,7,13291,94.97404258520804,8.912722895192235
Missouri,2026,8,8661,95.32386560443366,9.10685833044683
Montana,2020,1,8134,98.34029997541185,8.076161790017212
Montana,2020,2,4094,96.18954567659989,8.535784074255007
Montana,2020,3,3232,97.67945544554455,8.309096534653465
Montana,2020,4,2514,90.41368337311057,9.87291169451074
Montana,2020,5,1214,82.45469522240528,12.24835255354201
Montana,2020,6,1416,90.60734463276836,10.207274011299434
Montana,2020,7,1240,91.12903225806451,9.952822580645162
Montana,2020,8,2163,83.26398520573278,12.50670365233472
Montana,2020,9,669,86.39760837070254,11.373692077727952
Montana,2020,10,634,87.85488958990535,11.201104100946372
Montana,2020,11,1772,88.31828442437923,10.516365688487584
Montana,2020,12,4040,90.24752475247524,10.215841584158415
Montana,2021,1,4811,92.60029099979215,9.601642070255664
Montana,2021,2,3464,88.30831408775983,10.594399538106236
Montana,2021,3,2816,89.41761363636364,10.564453125
Montana,2021,4,4430,92.05417607223477,9.535440180586907
Montana,2021,5,2813,83.78954852470672,11.874866690366158
Montana,2021,6,2304,86.84895833333334,11.621744791666666
Montana,2021,7,1688,84.59715639810426,11.671800947867299
Montana,2021,8,1197,80.53467000835421,13.040517961570593
Montana,2021,9,118,87.28813559322035,10.627118644067796
Montana,2021,10,1015,92.51231527093596,9.582266009852217
Montana,2021,11,2676,93.08669656203288,9.221038863976084
Montana,2021,12,4727,93.16691347577745,9.219801142373598
Montana,2022,1,6653,93.59687359086126,9.303772734104916
Montana,2022,2,3549,90.84249084249085,9.747393632009016
Montana,2022,3,2273,91.94896612406511,9.60272767267928
Montana,2022,4,1487,92.46805648957633,9.416946872898453
Montana,2022,5,1323,93.57520786092215,9.241118669690099
Montana,2022,6,2002,94.8051948051948,8.882617382617383
Montana,2022,7,1522,92.57555847568987,9.489816031537451
Montana,2022,8,1259,90.54805401111994,10.004368546465448
Montana,2022,9,964,91.39004149377593,10.030082987551868
Montana,2022,10,1218,92.36453201970444,9.422413793103448
Montana,2022,11,4051,96.49469266847692,8.45494939521106
Montana,2022,12,5757,95.15372589890568,8.645127670661804
Montana,2023,1,7116,95.84035975267004,8.621135469364813
Montana,2023,2,3443,92.65175718849841,9.345047923322683
Montana,2023,3,2240,90.89285714285714,9.971651785714286
Montana,2023,4,1578,93.34600760456274,9.23257287705957
Montana,2023,5,1605,93.27102803738318,9.32772585669782
Montana,2023,6,1917,94.57485654668754,8.865675534689618
Montana,2023,7,1556,92.3521850899743,9.49935732647815
Montana,2023,8,1340,93.2089552238806,9.42313432835821
Montana,2023,9,878,93.05239179954442,9.50626423690205
Montana,2023,10,1310,88.77862595419847,10.272137404580153
Montana,2023,11,2603,86.78447944679216,10.641375336150595
Montana,2023,12,4863,81.14332716430187,12.170368085543902
Montana,2024,1,7412,83.10847274689692,12.497908796546142
Montana,2024,2,5007,74.67545436389055,15.307769123227482
Montana,2024,3,2977,78.9721195834733,15.223715149479341
Montana,2024,4,2283,83.66184844502847,13.182435392028033
Montana,2024,5,1693,87.35971647962198,10.867395156526875
Montana,2024,6,1742,89.60964408725603,10.650401836969001
Montana,2024,7,2110,88.34123222748815,11.009241706161138
Montana,2024,8,1442,86.89320388349515,11.912968099861304
Montana,2024,9,1378,91.29172714078373,10.043904208998548
Montana,2024,10,1769,91.18145845110232,9.929903900508762
Montana,2024,11,3089,91.55066364519261,9.83344124312075
Montana,2024,12,6882,90.42429526300494,10.08108108108108
Montana,2025,1,7565,86.63582286847323,11.312293456708526
Montana,2025,2,5753,85.13818877107596,11.653398227011994
Montana,2025,3,3290,87.59878419452887,11.275683890577508
Montana,2025,4,2291,89.74247053688346,10.524006983849848
Montana,2025,5,1916,92.37995824634656,9.617693110647181
Montana,2025,6,2238,94.72743521000893,8.953529937444147
Montana,2025,7,1777,92.7968486212718,9.450196961170512
Montana,2025,8,1203,89.19368246051538,10.226517040731505
Montana,2025,9,1724,89.90719257540604,10.068155452436194
Montana,2025,10,2669,94.1925814911952,9.192206819033347
Montana,2025,11,3802,94.97632824829037,8.768279852709101
Montana,2025,12,8305,95.15954244431065,8.709813365442505
Montana,2026,1,7587,94.39831290365099,9.007578753130355
Montana,2026,2,4597,93.64803132477702,9.183054165760279
Montana,2026,3,3133,93.9674433450367,9.18400893712097
Montana,2026,4,2321,93.96811719086601,9.361266695389919
Montana,2026,5,1934,94.72595656670114,9.001551189245088
Montana,2026,6,2272,96.25880281690141,8.63094190140845
Montana,2026,7,1850,94.48648648648648,9.095135135135136
Nebraska,2020,1,5692,86.61278988053408,10.792164441321152
Nebraska,2020,2,3193,82.52427184466019,11.715627936110241
Nebraska,2020,3,7301,97.65785508834406,8.008491987398987
Nebraska,2020,4,52813,90.88482002537253,10.115511332437089
Nebraska,2020,5,56338,74.16663708331855,14.482596116298058
Nebraska,2020,6,21640,91.6913123844732,10.851779112754159
Nebraska,2020,7,6957,88.08394422883427,10.775406065832973
Nebraska,2020,8,2934,60.1908657123381,18.776584867075666
Nebraska,2020,9,3470,68.6743515850144,17.961095100864554
Nebraska,2020,10,2606,81.38910207214121,13.393514965464313
Nebraska,2020,11,2531,93.5203476886606,9.219676017384433
Nebraska,2020,12,4373,95.42648067688087,8.800708895495083
Nebraska,2021,1,6450,94.54263565891473,9.125116279069767
Nebraska,2021,2,4493,85.46628088137102,11.194747384820833
Nebraska,2021,3,2450,87.55102040816325,11.342448979591836
Nebraska,2021,4,2998,88.12541694462975,11.291194129419614
Nebraska,2021,5,3486,86.86173264486517,11.401893287435456
Nebraska,2021,6,3136,91.8686224489796,9.848214285714286
Nebraska,2021,7,2399,85.66069195498123,10.961650687786578
Nebraska,2021,8,1650,84.66666666666667,11.718181818181819
Nebraska,2021,9,1192,79.19463087248322,13.021812080536913
Nebraska,2021,10,980,80.71428571428572,12.621428571428572
Nebraska,2021,11,1062,84.55743879472693,11.967043314500941
Nebraska,2021,12,1806,87.20930232558139,11.12846068660022
Nebraska,2022,1,3338,89.48472139005392,10.601707609346914
Nebraska,2022,2,2247,85.18024032042723,11.812639074321318
Nebraska,2022,3,1543,86.3901490602722,12.122812702527543
Nebraska,2022,4,1084,84.77859778597787,12.181734317343173
Nebraska,2022,5,1382,89.79739507959479,10.628437047756874
Nebraska,2022,6,1750,92.97142857142858,9.709428571428571
Nebraska,2022,7,1568,78.57142857142857,13.121492346938776
Nebraska,2022,8,1511,80.80741230972865,12.957313037723361
Nebraska,2022,9,876,80.25114155251141,12.962328767123287
Nebraska,2022,10,1117,85.76544315129811,11.927484333034915
Nebraska,2022,11,1114,84.1113105924596,13.221274685816876
Nebraska,2022,12,1993,89.06171600602107,10.620672353236326
Nebraska,2023,1,4790,87.16075156576201,11.110125260960334
Nebraska,2023,2,2455,74.70468431771894,14.083706720977597
Nebraska,2023,3,2139,74.89481065918653,13.56428237494156
Nebraska,2023,4,1227,84.27057864710676,12.253463732681336
Nebraska,2023,5,1432,93.78491620111731,9.705307262569832
Nebraska,2023,6,2166,94.92151431209604,8.905355493998153
Nebraska,2023,7,2078,93.40712223291627,9.618623676612128
Nebraska,2023,8,1388,92.29106628242076,10.071685878962535
Nebraska,2023,9,1149,93.9077458659704,9.870757180156659
Nebraska,2023,10,1367,94.65983906364302,9.386978785662034
Nebraska,2023,11,1490,94.16107382550337,9.568791946308725
Nebraska,2023,12,2457,96.62189662189662,8.762922262922263
Nebraska,2024,1,5423,95.15028581965701,9.68707357551171
Nebraska,2024,2,3286,94.64394400486914,9.983262325015216
Nebraska,2024,3,1573,93.7062937062937,10.013986013986013
Nebraska,2024,4,1237,95.31123686337915,9.715440582053354
Nebraska,2024,5,1418,94.07616361071932,9.967207334273624
Nebraska,2024,6,2492,95.18459069020867,9.766653290529694
Nebraska,2024,7,2314,95.15989628349179,9.365600691443388
Nebraska,2024,8,1389,95.10439164866811,9.63390928725702
Nebraska,2024,9,1642,96.58952496954933,9.09409257003654
Nebraska,2024,10,1528,93.97905759162303,10.096204188481675
Nebraska,2024,11,1649,95.57307459066101,9.146755609460278
Nebraska,2024,12,3080,97.43506493506493,8.697564935064936
Nebraska,2025,1,5484,96.09773887673231,9.104485776805252
Nebraska,2025,2,2813,96.4095271951653,9.00942054745823
Nebraska,2025,3,1915,96.6579634464752,8.87780678851175
Nebraska,2025,4,1541,97.2744970798183,8.565866320571057
Nebraska,2025,5,1542,97.92477302204928,8.354409857328145
Nebraska,2025,6,2979,98.32158442430345,8.379489761664988
Nebraska,2025,7,2658,96.95259593679458,8.944883370955607
Nebraska,2025,8,1626,96.61746617466174,9.078413284132841
Nebraska,2025,9,1590,96.91823899371069,9.070754716981131
Nebraska,2025,10,1650,97.93939393939394,8.427878787878788
Nebraska,2025,11,1477,96.75016926201761,8.769465132024374
Nebraska,2025,12,3208,97.44389027431421,8.668952618453865
Nebraska,2026,1,4452,96.1141060197664,9.081311769991014
Nebraska,2026,2,3673,94.55485978763953,9.43384154641982
Nebraska,2026,3,2066,90.31945788964182,10.146176185866409
Nebraska,2026,4,1391,96.26168224299066,8.929547088425593
Nebraska,2026,5,1494,97.18875502008032,8.461512717536815
Nebraska,2026,6,2273,95.11658600967884,9.089749230092389
Nebraska,2026,7,2636,89.15022761760243,10.324355083459787
Nebraska,2026,8,1637,96.21258399511301,8.658521686010996
Nevada,2020,1,10357,90.54745582697691,10.133291493675776
Nevada,2020,2,9447,88.75833597967609,10.378638721287182
Nevada,2020,3,125632,99.1220389709628,7.789699280438105
Nevada,2020,4,341410,92.74420784394131,9.393636683166866
Nevada,2020,5,182529,72.98949755929195,17.830257109829123
Nevada,2020,6,90266,71.38125096935724,20.719041499567943
Nevada,2020,7,51680,93.37848297213623,7.948887383900929
Nevada,2020,8,32350,95.14064914992272,7.7621792890262755
Nevada,2020,9,22144,92.04299132947978,10.01713782514451
Nevada,2020,10,28158,95.39740038354996,8.709745010299027
Nevada,2020,11,13988,94.34515298827566,8.834000571918788
Nevada,2020,12,18076,95.05421553441028,8.490429298517371
Nevada,2021,1,21153,93.15463527632014,9.59258733985723
Nevada,2021,2,17405,94.70267164607871,9.625682275208273
Nevada,2021,3,43719,97.3558407099888,8.964843660650976
Nevada,2021,4,65746,97.60898001399325,8.896077327898276
Nevada,2021,5,17970,92.47634947134112,10.155370061213134
Nevada,2021,6,12510,90.61550759392486,11.216986410871304
Nevada,2021,7,10115,92.10084033613445,10.564854176964904
Nevada,2021,8,8141,90.09949637636655,10.84301682839946
Nevada,2021,9,22144,92.04299132947978,10.01713782514451
Nevada,2021,10,10698,96.98074406431108,8.359085810431857
Nevada,2021,11,5229,92.19736087205966,10.060527825588066
Nevada,2021,12,5949,92.57017986216171,9.939149436880149
Nevada,2022,1,7921,94.05378108824644,9.415793460421664
Nevada,2022,2,5010,90.47904191616767,10.624051896207584
Nevada,2022,3,5767,87.49783249523149,11.441910872203918
Nevada,2022,4,5343,94.60976979225154,9.504117536964252
Nevada,2022,5,5052,92.93349168646081,9.68081947743468
Nevada,2022,6,5190,92.42774566473987,9.942485549132948
Nevada,2022,7,7018,93.3029353092049,9.60009974351667
Nevada,2022,8,7263,92.09692964339804,9.896530359355639
Nevada,2022,9,6028,93.64631718646316,8.978765759787658
Nevada,2022,10,5863,94.72966058331912,8.654613679003923
Nevada,2022,11,6823,94.15213249303825,9.650007328154771
Nevada,2022,12,9228,93.53055916775033,9.421109666233203
Nevada,2023,1,11561,93.01098520889197,9.819306288383357
Nevada,2023,2,8502,88.9673018113385,11.02217125382263
Nevada,2023,3,8169,91.66360631656262,10.327090219121068
Nevada,2023,4,7691,88.11597971655182,12.241451046677936
Nevada,2023,5,9701,80.98134212967736,16.163952169879394
Nevada,2023,6,10157,78.45820616323718,15.850349512651373
Nevada,2023,7,12462,82.15374739207189,13.483670357887979
Nevada,2023,8,11496,83.08107167710507,11.83133263743911
Nevada,2023,9,8267,87.9037135599371,11.114793758316196
Nevada,2023,10,9642,89.70130678282514,10.81756896909355
Nevada,2023,11,9891,89.85946820341725,10.643059346881003
Nevada,2023,12,11900,91.41176470588235,10.263025210084034
Nevada,2024,1,14914,90.4787448035403,10.570470698672388
Nevada,2024,2,11114,88.76192190030592,10.814288285045889
Nevada,2024,3,9938,86.03340712416986,11.163614409337894
Nevada,2024,4,8638,84.37138226441306,11.422377865246585
Nevada,2024,5,9246,84.71771576898118,11.465498593986588
Nevada,2024,6,9259,84.33956150772221,11.741170752781079
Nevada,2024,7,12783,85.73104904951889,11.853242587811938
Nevada,2024,8,11882,81.20686753071872,12.818086180777646
Nevada,2024,9,11128,80.5805176132279,13.522690510424155
Nevada,2024,10,9774,78.88275015346838,13.908379373848987
Nevada,2024,11,9707,80.77675903986814,13.229628103430514
Nevada,2024,12,13850,82.7942238267148,12.877942238267147
Nevada,2025,1,14072,85.11227970437749,11.842915008527573
Nevada,2025,2,10971,81.97976483456385,12.728374806307539
Nevada,2025,3,10583,80.68600585845223,13.0854672588113
Nevada,2025,4,10511,81.4289791646846,12.589334982399391
Nevada,2025,5,10481,82.53029291098177,12.114540597271253
Nevada,2025,6,12145,84.27336352408399,11.6328530259366
Nevada,2025,7,8642,82.28419347373294,12.75271927794492
Nevada,2025,8,10726,69.95151967182547,15.383787059481634
Nevada,2025,9,11693,71.75233045411785,15.613999828957496
Nevada,2025,10,9472,74.26097972972973,15.334089949324325
Nevada,2025,11,9810,73.87359836901122,15.713710499490317
Nevada,2025,12,16121,81.11779666273804,13.232522796352583
Nevada,2026,1,14766,84.32209129080319,11.890491670052825
Nevada,2026,2,10219,81.50503963205793,12.413249828750367
Nevada,2026,3,11767,79.67196396702643,12.83033058553582
Nevada,2026,4,10375,78.83373493975904,12.886361445783132
Nevada,2026,5,10339,79.29200116065384,12.615968662346456
Nevada,2026,6,11103,80.55480500765559,13.180626857606052
Nevada,2026,7,13049,81.079009885815,13.467507088665798
Nevada,2026,8,11512,81.07192494788048,13.758643154968729
New Hampshire,2020,1,2430,96.91358024691358,8.948971193415638
New Hampshire,2020,2,1388,93.73198847262248,9.614913544668587
New Hampshire,2020,3,26762,99.70480532097751,8.453945893430983
New Hampshire,2020,4,112187,85.89230481250056,10.702634886395037
New Hampshire,2020,5,58237,74.86305956694198,14.808489448288888
New Hampshire,2020,6,24045,79.40944063214805,16.92480765231857
New Hampshire,2020,7,10386,85.88484498363181,11.366454843057962
New Hampshire,2020,8,5370,78.52886405959032,13.623277467411546
New Hampshire,2020,9,3803,84.32816197738627,11.716802524322903
New Hampshire,2020,10,2118,86.02455146364495,11.406279508970727
New Hampshire,2020,11,2014,84.95531281032771,12.607249255213505
New Hampshire,2020,12,3858,89.39865215137377,11.403447382063245
New Hampshire,2021,1,6007,88.13051439986683,11.47619443982021
New Hampshire,2021,2,4313,76.93021099003015,15.337468119638302
New Hampshire,2021,3,3443,68.98054022654662,17.69300029044438
New Hampshire,2021,4,7584,86.99894514767934,11.93776371308017
New Hampshire,2021,5,3192,80.73308270676691,14.096647869674186
New Hampshire,2021,6,2382,79.80688497061294,14.8683879093199
New Hampshire,2021,7,2336,80.60787671232876,13.290025684931507
New Hampshire,2021,8,1284,75.15576323987538,16.031542056074766
New Hampshire,2021,9,1095,74.79452054794521,14.955707762557077
New Hampshire,2021,10,819,78.14407814407815,12.830891330891331
New Hampshire,2021,11,753,78.08764940239044,12.888446215139442
New Hampshire,2021,12,1076,81.59851301115242,11.79600371747212
New Hampshire,2022,1,1648,86.22572815533981,11.07372572815534
New Hampshire,2022,2,1207,85.25269262634632,11.600248550124276
New Hampshire,2022,3,1065,83.84976525821595,11.725821596244131
New Hampshire,2022,4,654,87.61467889908256,10.986238532110091
New Hampshire,2022,5,796,87.68844221105527,11.030778894472363
New Hampshire,2022,6,662,84.44108761329305,11.839123867069487
New Hampshire,2022,7,1456,92.23901098901099,9.823145604395604
New Hampshire,2022,8,1085,84.60829493087557,12.267281105990783
New Hampshire,2022,9,637,83.51648351648352,12.75353218210361
New Hampshire,2022,10,505,86.33663366336634,11.927722772277228
New Hampshire,2022,11,746,89.14209115281501,10.744638069705093
New Hampshire,2022,12,896,89.73214285714286,10.645647321428571
New Hampshire,2023,1,1563,91.55470249520154,10.066538707613564
New Hampshire,2023,2,1014,91.3214990138067,10.104536489151874
New Hampshire,2023,3,1084,88.65313653136532,10.896678966789668
New Hampshire,2023,4,701,87.7318116975749,11.276747503566334
New Hampshire,2023,5,982,89.20570264765783,11.094195519348268
New Hampshire,2023,6,850,93.17647058823529,10.356470588235295
New Hampshire,2023,7,1664,94.53125,9.246694711538462
New Hampshire,2023,8,927,91.47788565264293,10.56957928802589
New Hampshire,2023,9,692,88.4393063583815,11.166907514450868
New Hampshire,2023,10,777,91.11969111969111,10.774131274131275
New Hampshire,2023,11,904,92.03539823008849,10.51216814159292
New Hampshire,2023,12,985,92.38578680203045,10.08730964467005
New Hampshire,2024,1,1631,92.94911097486205,10.021459227467812
New Hampshire,2024,2,1297,94.14032382420972,9.666538164996146
New Hampshire,2024,3,1114,93.71633752244165,10.036804308797127
New Hampshire,2024,4,960,91.77083333333333,10.755208333333334
New Hampshire,2024,5,1139,93.32748024582968,10.100526777875329
New Hampshire,2024,6,782,92.58312020460357,10.315217391304348
New Hampshire,2024,7,1751,90.3483723586522,10.457738435179897
New Hampshire,2024,8,1097,83.13582497721058,12.520966271649954
New Hampshire,2024,9,851,82.49118683901293,12.5951821386604
New Hampshire,2024,10,877,89.50969213226911,11.047890535917903
New Hampshire,2024,11,784,89.41326530612244,10.982780612244898
New Hampshire,2024,12,1027,87.8286270691334,10.794060370009737
New Hampshire,2025,1,1690,87.33727810650888,10.955917159763313
New Hampshire,2025,2,1277,84.65152701644479,11.673844949099452
New Hampshire,2025,3,1159,86.36755823986195,11.718291630716134
New Hampshire,2025,4,924,83.11688311688312,12.079004329004329
New Hampshire,2025,5,1099,87.89808917197452,11.224749772520473
New Hampshire,2025,6,847,87.83943329397876,11.251475796930343
New Hampshire,2025,7,1952,92.16188524590164,9.80968237704918
New Hampshire,2025,8,1011,87.93273986152325,10.962908011869436
New Hampshire,2025,9,889,87.73903262092239,11.439820022497187
New Hampshire,2025,10,903,91.80509413067553,10.184385382059801
New Hampshire,2025,11,825,89.6969696969697,10.612121212121211
New Hampshire,2025,12,1150,88.08695652173914,11.094347826086956
New Hampshire,2026,1,1435,89.05923344947735,10.617421602787456
New Hampshire,2026,2,1148,84.66898954703834,11.55226480836237
New Hampshire,2026,3,1143,85.56430446194226,11.60936132983377
New Hampshire,2026,4,1087,86.20055197792088,11.5524379024839
New Hampshire,2026,5,979,86.72114402451481,11.447906026557712
New Hampshire,2026,6,919,87.05114254624591,11.106093579978237
New Hampshire,2026,7,1870,88.34224598930481,10.733422459893049
New Jersey,2020,1,71158,85.87931082942185,11.214079934792997
New Jersey,2020,2,43562,81.52288691979248,12.24496120471971
New Jersey,2020,3,182701,96.80297316380316,8.580806892135238
New Jersey,2020,4,634011,85.87106532851953,10.85042373081855
New Jersey,2020,5,232000,73.71853448275863,15.612950431034482
New Jersey,2020,6,93252,80.07227727019259,15.290052760262515
New Jersey,2020,7,118538,89.2372066341595,11.510173952656531
New Jersey,2020,8,57281,76.13170161135456,17.422976205024355
New Jersey,2020,9,43222,77.21067974642544,16.558523437138494
New Jersey,2020,10,33948,86.6914103923648,11.28776363850595
New Jersey,2020,11,23865,87.6513723025351,10.862120259794679
New Jersey,2020,12,29569,89.77983699144374,10.502265886570395
New Jersey,2021,1,40931,89.3015074149178,10.782670836285456
New Jersey,2021,2,29574,86.56590248190979,11.782883613985257
New Jersey,2021,3,47130,91.49798429874815,10.424496074687037
New Jersey,2021,4,71035,91.42253818540156,9.695572605053847
New Jersey,2021,5,47042,89.3223077250117,10.546160877513712
New Jersey,2021,6,39455,85.6038524901787,11.621112659992397
New Jersey,2021,7,51447,87.82047544074484,10.966188504674713
New Jersey,2021,8,21155,77.5419522571496,14.272559678562988
New Jersey,2021,9,35867,89.46106448824825,10.524855716954303
New Jersey,2021,10,12767,74.324430171536,14.820357170831048
New Jersey,2021,11,13462,76.90536324468876,14.765228049324023
New Jersey,2021,12,18043,81.30022723493876,13.127445546749431
New Jersey,2022,1,30714,80.69284365435958,12.912694536693365
New Jersey,2022,2,26561,74.57927035879673,15.53653853394074
New Jersey,2022,3,35382,73.13040529082583,17.286897292408568
New Jersey,2022,4,20345,79.4544114032932,13.562324895551733
New Jersey,2022,5,20835,77.5905927525798,14.08903287736981
New Jersey,2022,6,24277,80.38472628413726,13.740433331960292
New Jersey,2022,7,34647,78.7860420815655,13.663217594596935
New Jersey,2022,8,33958,73.84121561929442,15.961967724836564
New Jersey,2022,9,26512,76.83690404345202,14.376904797827398
New Jersey,2022,10,25054,79.96327931667598,13.148060189989623
New Jersey,2022,11,30047,80.85332978333943,12.790644656704496
New Jersey,2022,12,38333,83.27811546187358,12.263845772571935
New Jersey,2023,1,57566,84.06698398360143,11.750442969808567
New Jersey,2023,2,41859,79.18966052700733,13.31262094173296
New Jersey,2023,3,38538,77.91270953344751,13.855142975764181
New Jersey,2023,4,32099,82.58201190068226,12.203822548989065
New Jersey,2023,5,31279,81.86323092170466,12.46553598260814
New Jersey,2023,6,29590,80.83136194660358,12.618992903007772
New Jersey,2023,7,47409,79.20437047817926,12.821869265329369
New Jersey,2023,8,43838,77.21611387380811,14.08217756284502
New Jersey,2023,9,30625,78.01469387755103,13.80204081632653
New Jersey,2023,10,30489,80.83899111154842,12.927990422775427
New Jersey,2023,11,37021,82.15877474946652,12.481429458955727
New Jersey,2023,12,40838,84.994367990597,11.850715020324207
New Jersey,2024,1,64666,84.06890792688586,12.213721275477067
New Jersey,2024,2,45150,78.05094130675526,13.934784053156147
New Jersey,2024,3,38153,78.54428223206563,13.76151285613189
New Jersey,2024,4,35411,78.56598232187739,13.367188161870605
New Jersey,2024,5,35825,81.71667829727843,12.76854152128402
New Jersey,2024,6,34825,84.48815506101938,11.784938980617373
New Jersey,2024,7,56325,82.88681757656458,12.249391921881935
New Jersey,2024,8,39585,77.87545787545788,13.889655172413793
New Jersey,2024,9,31728,78.42914775592537,13.61352748361069
New Jersey,2024,10,35459,80.50142418003891,12.976395273414365
New Jersey,2024,11,34077,84.79032778707047,12.005707662059454
New Jersey,2024,12,44196,86.55534437505656,11.387716082903431
New Jersey,2025,1,68661,86.26003116762064,11.694783064621838
New Jersey,2025,2,43582,81.32715341195906,13.186934973154054
New Jersey,2025,3,37304,80.77686039030667,13.504503538494532
New Jersey,2025,4,35217,84.18093534372603,12.415183008206265
New Jersey,2025,5,32647,83.87294391521426,12.217493184672405
New Jersey,2025,6,36410,85.20461411700082,11.651002471848393
New Jersey,2025,7,59535,83.82800033593685,11.936944654404972
New Jersey,2025,8,39712,80.78918211120065,13.029562852538275
New Jersey,2025,9,31966,81.53350434837014,12.78150222110993
New Jersey,2025,10,33211,83.33684622564813,12.415013098069917
New Jersey,2025,11,33317,84.81555962421587,11.982246300687336
New Jersey,2025,12,45891,85.27162188664444,11.649735242204354
New Jersey,2026,1,62031,85.0010478631652,12.088649223775208
New Jersey,2026,2,47540,82.64408918805216,13.101230542700883
New Jersey,2026,3,39321,77.54889244932734,14.8558149589278
New Jersey,2026,4,36209,77.77071998674363,14.276685354469883
New Jersey,2026,5,31787,83.52471135998994,12.496114763897191
New Jersey,2026,6,34611,87.45196613793303,11.42022767328306
New Jersey,2026,7,59690,85.85692745853576,11.668688222482828
New Jersey,2026,8,39201,81.35251651743577,13.250886456978138
New Mexico,2020,1,4543,94.21087387189083,9.11600264142637
New Mexico,2020,2,3400,90.14705882352942,9.867941176470588
New Mexico,2020,3,15597,97.53798807462974,8.085593383342951
New Mexico,2020,4,15589,97.5303098338572,8.08871640259157
New Mexico,2020,5,51578,83.28163170343944,12.550331536701695
New Mexico,2020,6,26163,79.9717157818293,14.299124718113367
New Mexico,2020,7,17672,86.80398370303305,11.506535762788593
New Mexico,2020,8,14824,82.15731246627091,13.136299244468429
New Mexico,2020,9,8198,79.82434740180531,14.272505489143693
New Mexico,2020,10,7378,83.78964489021415,13.026497695852534
New Mexico,2020,11,8998,89.09757723938652,10.904589908868637
New Mexico,2020,12,12726,89.47037560898947,11.033671224265284
New Mexico,2021,1,8640,84.88425925925925,13.179166666666667
New Mexico,2021,2,6548,83.094074526573,13.22602321319487
New Mexico,2021,3,7363,82.64294445198968,13.144642129566753
New Mexico,2021,4,14434,92.69779686850492,9.694021061382847
New Mexico,2021,5,7920,87.55050505050505,11.551199494949495
New Mexico,2021,6,5067,85.13913558318532,12.836096309453325
New Mexico,2021,7,5188,87.37471087124132,12.17974171164225
New Mexico,2021,8,4460,82.75784753363229,13.616816143497758
New Mexico,2021,9,5254,92.78644842025123,10.106966121050629
New Mexico,2021,10,3543,86.31103584532882,11.872988992379339
New Mexico,2021,11,3315,87.96380090497738,10.871644042232278
New Mexico,2021,12,3666,87.50681942171303,10.559465357337698
New Mexico,2022,1,4139,89.00700652331481,10.47330273012805
New Mexico,2022,2,4964,87.73166800966962,10.170427074939564
New Mexico,2022,3,2569,85.98676527831842,11.707473725184897
New Mexico,2022,4,2385,83.43815513626835,12.742767295597485
New Mexico,2022,5,2830,84.94699646643109,12.44434628975265
New Mexico,2022,6,2990,84.71571906354515,12.666053511705686
New Mexico,2022,7,2881,82.4366539396043,13.681013536966331
New Mexico,2022,8,2752,79.43313953488372,14.355741279069768
New Mexico,2022,9,2372,81.36593591905566,14.13553962900506
New Mexico,2022,10,2742,86.36032093362509,12.289569657184536
New Mexico,2022,11,3420,89.15204678362572,11.138011695906433
New Mexico,2022,12,3462,87.49277874061237,11.306614673599075
New Mexico,2023,1,4995,89.74974974974975,11.086886886886887
New Mexico,2023,2,3718,83.40505648197956,13.107315761161916
New Mexico,2023,3,3506,82.68682258984597,12.879920136908158
New Mexico,2023,4,2874,86.63883089770354,11.573068893528184
New Mexico,2023,5,2645,88.16635160680529,11.113610586011342
New Mexico,2023,6,3404,88.2491186839013,12.029377203290247
New Mexico,2023,7,3544,87.58465011286681,11.947234762979685
New Mexico,2023,8,3551,87.01774148127288,12.359053787665447
New Mexico,2023,9,2322,88.50129198966408,11.636089577950044
New Mexico,2023,10,3233,91.83420971234148,9.924682957005876
New Mexico,2023,11,3106,92.20862846104313,9.594172569220863
New Mexico,2023,12,4558,89.55682316805617,11.144580956559894
New Mexico,2024,1,5414,85.11267085334319,13.196896933875138
New Mexico,2024,2,3439,88.25239895318407,11.065571387031113
New Mexico,2024,3,3084,88.26199740596627,11.706874189364461
New Mexico,2024,4,3168,87.43686868686868,12.029671717171718
New Mexico,2024,5,3219,87.26312519415967,11.701770736253495
New Mexico,2024,6,3993,92.3365890308039,9.747683446030553
New Mexico,2024,7,4844,91.12303881090008,10.434248554913294
New Mexico,2024,8,4416,86.59420289855072,11.92481884057971
New Mexico,2024,9,3212,86.92403486924036,11.638854296388542
New Mexico,2024,10,3341,88.56629751571386,10.955552229871296
New Mexico,2024,11,3443,88.55649143189079,11.095701423177461
New Mexico,2024,12,4128,87.33042635658916,11.54142441860465
New Mexico,2025,1,4451,89.88991237924063,10.562457874634914
New Mexico,2025,2,3630,90.19283746556474,10.196969696969697
New Mexico,2025,3,3922,86.40999490056093,11.355940846506885
New Mexico,2025,4,3449,86.14091040881415,11.569440417512322
New Mexico,2025,5,3422,88.28170660432497,10.907071887784921
New Mexico,2025,6,4610,90.13015184381779,10.121258134490239
New Mexico,2025,7,3866,87.55819968960165,11.209130884635282
New Mexico,2025,8,3488,83.6295871559633,12.17674885321101
New Mexico,2025,9,3104,81.8298969072165,12.821681701030927
New Mexico,2025,10,3655,86.703146374829,11.572366621067031
New Mexico,2025,11,3980,89.3467336683417,10.56532663316583
New Mexico,2025,12,3998,86.19309654827414,11.533891945972986
New Mexico,2026,1,4522,87.30650154798761,11.516696152145068
New Mexico,2026,2,4301,86.77051848407346,11.013717740060452
New Mexico,2026,3,3763,92.50597927185757,9.81357959075206
New Mexico,2026,4,3062,93.89288047028086,9.464728935336382
New Mexico,2026,5,2886,95.39154539154539,9.004677754677754
New Mexico,2026,6,4373,94.87765835810656,9.084724445460783
New Mexico,2026,7,3862,94.14810978767478,9.243915069911962
New Mexico,2026,8,3204,94.03870162297129,9.224406991260924
New York,2020,1,91434,96.65879213421704,8.458390751799111
New York,2020,2,76224,95.29938077246013,8.776632031905962
New York,2020,3,437346,99.34468361434654,7.959751546830199
New York,2020,4,1390792,93.67525841391092,9.730625068306404
New York,2020,5,859194,63.175254948242184,22.820733152233373
New York,2020,6,517229,75.77572023223755,18.226334950283142
New York,2020,7,249624,88.96460276255488,10.165805371278402
New York,2020,8,135000,85.41111111111111,11.616625925925925
New York,2020,9,115890,86.35947881611872,11.71238674605229
New York,2020,10,91424,86.25087504375219,11.552420589779489
New York,2020,11,79138,89.50441001794334,10.48189239050772
New York,2020,12,93710,92.76491302955928,9.717426101803436
New York,2021,1,145745,93.81042231294384,9.634107516552884
New York,2021,2,151179,89.38278464601565,12.043808994635498
New York,2021,3,221532,92.50943430294495,10.23773089215102
New York,2021,4,414289,95.58400054068537,8.87006051331317
New York,2021,5,95823,85.90839360070129,12.43840205378667
New York,2021,6,80692,88.87374213057056,11.75306721855946
New York,2021,7,76371,94.36566235874874,9.126029513820692
New York,2021,8,62855,93.895473709331,9.26955691671307
New York,2021,9,65582,94.85682046903113,9.031677899423622
New York,2021,10,49185,90.07420961675308,10.558849242655281
New York,2021,11,51267,92.22891918778161,9.906304250297461
New York,2021,12,44866,92.74729193598716,9.796828333259038
New York,2022,1,62197,93.45306043699857,9.5543193401611
New York,2022,2,44809,88.11845834542169,10.597603160079448
New York,2022,3,42871,86.0231858365795,11.811935807422266
New York,2022,4,32540,87.59065765212046,11.219222495390289
New York,2022,5,35587,87.28468260881783,11.181414561497176
New York,2022,6,35259,86.46019456025412,11.684945687625854
New York,2022,7,44429,91.75538499628621,10.004670372954601
New York,2022,8,45031,85.94745841753458,11.640369967355822
New York,2022,9,37085,84.78630173924768,12.474410138870162
New York,2022,10,35332,85.99852824634891,12.130264349598098
New York,2022,11,41002,88.1932588654212,11.096739183454465
New York,2022,12,48744,89.40177252584934,10.672493024782538
New York,2023,1,67610,91.60627126164769,9.972171276438397
New York,2023,2,52272,88.07392102846649,11.102550122436487
New York,2023,3,52916,84.97051931362914,12.395107339934992
New York,2023,4,40738,87.48834012469929,11.43885315921253
New York,2023,5,46398,85.40885382990646,12.155200655200655
New York,2023,6,43270,84.71689392188584,12.024485786919344
New York,2023,7,62849,90.09212557081258,10.523874683765852
New York,2023,8,61380,85.88465298142718,11.677329749103942
New York,2023,9,47927,86.53785966156863,11.680211571765394
New York,2023,10,45727,88.60848076628687,11.06973997856846
New York,2023,11,47988,90.20796865883138,10.433004084354423
New York,2023,12,51911,91.28123133825201,10.134923233996648
New York,2024,1,77358,92.34209777915665,9.68184286046692
New York,2024,2,61604,89.90812284916564,10.626201220699954
New York,2024,3,49253,89.02807950784724,11.26281647818407
New York,2024,4,46081,89.43816323430481,10.889097458822508
New York,2024,5,42496,89.38958960843374,10.864963761295181
New York,2024,6,38356,88.27302117009073,11.158671394305976
New York,2024,7,61683,91.46280174440284,10.046090494949986
New York,2024,8,53517,87.43763663882504,11.353682007586375
New York,2024,9,47828,88.75135903654763,11.1638579911349
New York,2024,10,41238,88.67791842475387,11.012779475241283
New York,2024,11,44399,89.53580035586387,10.74733665172639
New York,2024,12,61223,91.36272315959688,10.254536693726214
New York,2025,1,69464,90.77795692732926,10.247603074974087
New York,2025,2,56066,87.05097563585774,11.214969856954303
New York,2025,3,53180,82.3392252726589,12.710455058292592
New York,2025,4,44902,82.43285377043338,12.715235401541134
New York,2025,5,41680,80.3598848368522,13.986420345489444
New York,2025,6,48706,81.73120354781751,13.647538290970312
New York,2025,7,65311,88.01580131983893,11.612469568679089
New York,2025,8,51637,86.9570269380483,11.407517865096732
New York,2025,9,51639,87.87350645829703,11.327949805379655
New York,2025,10,46727,89.33807006655681,10.873734671603142
New York,2025,11,48258,89.38414356168926,10.582266152762235
New York,2025,12,66461,90.87434736161056,10.23677043679752
New York,2026,1,73136,90.48485014220084,10.20601345438635
New York,2026,2,87301,89.99209631046608,10.319509513063997
New York,2026,3,60753,87.17923394729479,11.618545586226194
New York,2026,4,42888,88.03394889013244,11.27185926133184
New York,2026,5,37948,88.22335827975124,11.052427005375778
New York,2026,6,46157,86.42242780076694,11.306627380462334
New York,2026,7,60993,91.91382617677438,9.798755594904334
North Carolina,2020,1,11335,87.19894133215703,11.556771063078958
North Carolina,2020,2,9546,81.91912843075634,12.450136182694322
North Carolina,2020,3,37438,95.01041722314227,9.450371280517121
North Carolina,2020,4,661392,87.75884800541888,10.852966924305102
North Carolina,2020,5,269919,73.00931020046755,14.963251938544527
North Carolina,2020,6,167810,69.31529706215362,18.53084738692569
North Carolina,2020,7,87520,79.71777879341865,14.62793075868373
North Carolina,2020,8,49725,77.73956762192056,14.783046757164405
North Carolina,2020,9,31916,85.90048878305552,11.912269707983457
North Carolina,2020,10,24622,86.15465843554546,11.498111445049142
North Carolina,2020,11,15946,85.22513483005142,11.086792926125675
North Carolina,2020,12,18958,87.815170376622,10.79805359215107
North Carolina,2021,1,25497,88.15546927089461,10.608620622033964
North Carolina,2021,2,20406,82.49044398706263,12.29170342056258
North Carolina,2021,3,18649,78.70663306343504,14.145584213630757
North Carolina,2021,4,17369,90.44274281766366,10.185474120559618
North Carolina,2021,5,22073,89.9968287047524,10.12463190323019
North Carolina,2021,6,14980,89.77970627503338,10.539853137516689
North Carolina,2021,7,12728,90.86266499057196,9.790776241357637
North Carolina,2021,8,11766,85.90855005949346,11.715068842427334
North Carolina,2021,9,27904,94.19438073394495,9.302053469036696
North Carolina,2021,10,7510,82.42343541944075,12.698069241011984
North Carolina,2021,11,6158,83.09516076648262,12.511286131860993
North Carolina,2021,12,4515,79.40199335548172,13.36766334440753
North Carolina,2022,1,8801,80.79763663220089,12.884274514259744
North Carolina,2022,2,6637,82.67289437999096,12.077821304806388
North Carolina,2022,3,6525,84.76628352490422,11.461302681992338
North Carolina,2022,4,6461,81.14842903575298,12.597972450085127
North Carolina,2022,5,7668,88.0151278038602,10.879434011476265
North Carolina,2022,6,8372,91.60296225513616,10.184603440038222
North Carolina,2022,7,8351,91.2226080708897,10.283678601365105
North Carolina,2022,8,8575,88.19825072886297,11.34606413994169
North Carolina,2022,9,8139,85.75992136626121,12.129499938567392
North Carolina,2022,10,7292,87.47942951179375,11.535106966538672
North Carolina,2022,11,7702,86.18540638795118,11.411126980005193
North Carolina,2022,12,8691,85.47923138879301,11.22868484639282
North Carolina,2023,1,11151,82.88942695722356,11.746211102143306
North Carolina,2023,2,10034,81.03448275862068,11.979370141518835
North Carolina,2023,3,8827,78.92828820663873,12.54112382462898
North Carolina,2023,4,8479,80.36325038329993,12.195777803986319
North Carolina,2023,5,9783,80.84432178268425,12.175815189614637
North Carolina,2023,6,10295,81.55415250121419,12.594803302574064
North Carolina,2023,7,9391,82.73879246086679,12.690661271430093
North Carolina,2023,8,10403,81.36114582332019,13.800970873786408
North Carolina,2023,9,8970,78.8294314381271,15.347101449275362
North Carolina,2023,10,9587,78.87764681339313,14.95473036403463
North Carolina,2023,11,9222,77.94404684450228,14.935046627629582
North Carolina,2023,12,9274,78.86564589174036,14.230159585939186
North Carolina,2024,1,12344,84.85093972780298,11.94957064160726
North Carolina,2024,2,10400,88.96153846153845,10.681875
North Carolina,2024,3,9933,88.03986710963456,11.150156045504882
North Carolina,2024,4,10034,91.33944588399441,10.361072353996413
North Carolina,2024,5,10056,92.84009546539379,10.052356801909308
North Carolina,2024,6,10398,90.95018272744758,10.264137334102712
North Carolina,2024,7,10991,90.05549995450824,10.529114730233827
North Carolina,2024,8,10875,92.23908045977012,9.978620689655173
North Carolina,2024,9,8711,94.45528641946963,9.59970152680519
North Carolina,2024,10,26010,88.06612841214917,10.78037293348712
North Carolina,2024,11,14895,78.17388385364215,14.31221886539107
North Carolina,2024,12,20146,73.72679440087362,20.057951950759456
North Carolina,2025,1,14235,91.14857744994731,9.843203371970496
North Carolina,2025,2,12371,90.93040174601892,9.980842292458169
North Carolina,2025,3,11778,90.49074545763287,10.120096790626592
North Carolina,2025,4,10008,92.67585931254996,9.584632294164669
North Carolina,2025,5,9927,91.96131761861591,9.751586582048958
North Carolina,2025,6,10973,89.22810534949421,10.012485190923176
North Carolina,2025,7,10944,88.00255847953217,10.336485745614034
North Carolina,2025,8,9671,85.94767862682245,10.65530968876021
North Carolina,2025,9,11535,90.6025140875596,9.97026441265713
North Carolina,2025,10,9917,95.71442976706666,8.845013612987799
North Carolina,2025,11,8637,94.87090424916059,8.981243487321986
North Carolina,2025,12,9336,92.88774635818338,9.585689802913453
North Carolina,2026,2,9511,94.84807065503101,9.319367048680474
North Carolina,2026,3,9140,95.76586433260394,9.220842450765865
North Carolina,2026,4,8113,93.92333292247011,10.12393689140885
North Carolina,2026,5,8801,94.40972616748097,9.773264401772526
North Carolina,2026,6,9818,91.48502750050926,10.509828885720106
North Carolina,2026,7,9758,91.00225456036073,10.61826193892191
North Carolina,2026,8,8258,92.66166141922983,10.184487769435698
North Dakota,2020,1,5456,99.633431085044,7.471957478005865
North Dakota,2020,2,2249,99.15518008003558,7.59670964873277
North Dakota,2020,3,5624,99.6443812233286,7.389313655761025
North Dakota,2020,4,64891,96.16741921067636,8.97041192152995
North Dakota,2020,5,17944,93.20664288898797,9.22366807846634
North Dakota,2020,6,11235,93.59145527369826,9.254739652870494
North Dakota,2020,7,5456,91.77052785923753,9.560025659824047
North Dakota,2020,8,2220,88.82882882882883,10.080855855855855
North Dakota,2020,9,1961,88.32228454869964,10.41458439571647
North Dakota,2020,10,1991,93.5208437970869,8.902059266700151
North Dakota,2020,11,4277,94.85620762216507,8.576338555061959
North Dakota,2020,12,5203,94.31097443782434,8.878916009994233
North Dakota,2021,1,6512,96.0995085995086,8.400337837837839
North Dakota,2021,2,3445,93.35268505079826,9.184325108853411
North Dakota,2021,3,2790,93.04659498207886,9.03888888888889
North Dakota,2021,4,3097,94.41394898288667,8.670487568614789
North Dakota,2021,5,1447,89.9101589495508,9.816171389080857
North Dakota,2021,6,1657,90.8267954133977,9.489136994568497
North Dakota,2021,7,1978,93.98382204246714,9.245955510616785
North Dakota,2021,8,840,86.90476190476191,10.611309523809524
North Dakota,2021,9,397,86.39798488664987,10.285894206549118
North Dakota,2021,10,274,94.52554744525547,9.36861313868613
North Dakota,2021,11,1158,99.05008635578584,7.58678756476684
North Dakota,2021,12,2714,99.37361827560795,7.474207811348563
North Dakota,2022,1,5303,99.45313973222703,7.4709598340561945
North Dakota,2022,2,1869,98.87640449438202,7.622525414660246
North Dakota,2022,3,866,98.49884526558893,7.928983833718245
North Dakota,2022,4,524,98.85496183206108,7.609732824427481
North Dakota,2022,5,492,98.98373983739837,7.634146341463414
North Dakota,2022,6,624,98.87820512820514,7.6201923076923075
North Dakota,2022,7,671,99.2548435171386,7.859910581222056
North Dakota,2022,8,428,91.82242990654206,8.771028037383177
North Dakota,2022,9,152,96.71052631578947,8.631578947368421
North Dakota,2022,10,232,100.0,7.400862068965517
North Dakota,2022,11,952,99.26470588235294,7.5588235294117645
North Dakota,2022,12,2700,99.4074074074074,7.4911111111111115
North Dakota,2023,1,4510,99.66740576496674,7.43159645232816
North Dakota,2023,2,1660,99.1566265060241,7.6
North Dakota,2023,3,815,98.65030674846625,7.906748466257668
North Dakota,2023,4,476,98.94957983193278,7.75
North Dakota,2023,5,464,99.13793103448276,7.657327586206897
North Dakota,2023,6,700,99.0,7.61
North Dakota,2023,7,837,98.6857825567503,7.588410991636798
North Dakota,2023,8,408,97.05882352941177,8.107843137254902
North Dakota,2023,9,204,97.54901960784314,8.071078431372548
North Dakota,2023,10,334,99.7005988023952,7.773952095808383
North Dakota,2023,11,1018,99.41060903732809,7.6900785854616895
North Dakota,2023,12,2504,99.40095846645367,7.521166134185304
North Dakota,2024,1,5136,99.70794392523365,7.417640186915888
North Dakota,2024,2,1760,99.14772727272727,7.6238636363636365
North Dakota,2024,3,794,99.11838790931989,7.664357682619648
North Dakota,2024,4,612,98.36601307189542,7.879084967320262
North Dakota,2024,5,472,98.09322033898306,8.110169491525424
North Dakota,2024,6,1296,99.30555555555556,7.525462962962963
North Dakota,2024,7,3105,99.77455716586151,7.397584541062802
North Dakota,2024,8,732,98.90710382513662,7.670765027322404
North Dakota,2024,9,904,98.89380530973452,7.59070796460177
North Dakota,2024,10,402,98.00995024875621,7.946517412935323
North Dakota,2024,11,1368,98.17251461988305,7.873538011695906
North Dakota,2024,12,4614,99.5015171218032,7.462397052449068
North Dakota,2025,1,4518,99.60159362549801,7.474656927844179
North Dakota,2025,2,2060,99.6116504854369,7.470873786407767
North Dakota,2025,3,1075,99.44186046511628,7.689302325581395
North Dakota,2025,4,728,98.76373626373626,7.7973901098901095
North Dakota,2025,5,671,98.50968703427719,7.75558867362146
North Dakota,2025,6,1546,99.28848641655887,7.499029754204399
North Dakota,2025,7,3032,99.67018469656992,7.390831134564643
North Dakota,2025,8,428,98.83177570093457,7.871495327102804
North Dakota,2025,9,585,98.63247863247864,7.758119658119658
North Dakota,2025,10,460,99.1304347826087,7.706521739130435
North Dakota,2025,11,934,98.60813704496788,7.692184154175589
North Dakota,2025,12,4828,99.6271748135874,7.432684341342171
North Dakota,2026,1,4586,99.60750109027475,7.460641081552551
North Dakota,2026,2,2086,99.32885906040269,7.595158197507191
North Dakota,2026,3,1173,99.31798806479112,7.628303495311168
North Dakota,2026,4,581,98.79518072289156,7.701376936316695
North Dakota,2026,5,526,99.80988593155894,7.529467680608365
North Dakota,2026,6,1106,99.54792043399638,7.515822784810126
North Dakota,2026,7,1094,99.6343692870201,7.531535648994516
North Dakota,2026,8,466,98.068669527897,7.835836909871245
Ohio,2020,1,49653,94.84220490202003,9.392806074154633
Ohio,2020,2,27336,92.52633889376646,9.858995463857184
Ohio,2020,3,213745,99.3632599592973,7.902126365529019
Ohio,2020,4,765709,77.61016260746575,12.373713773770453
Ohio,2020,5,306013,67.55431958772994,16.504357658007994
Ohio,2020,6,116068,72.65826929041597,16.247234379846297
Ohio,2020,7,62537,74.03617058701248,14.77776356397013
Ohio,2020,8,42983,70.22311146267128,17.074308447525766
Ohio,2020,9,31869,72.59405692051837,16.21097304590668
Ohio,2020,10,26821,76.2387681294508,14.565154170239737
Ohio,2020,11,29058,75.8104480693785,13.906462936196572
Ohio,2020,12,52108,75.52966914869118,13.322915867045367
Ohio,2021,1,52707,73.1838275750849,14.308564327318951
Ohio,2021,2,54386,69.87827749788549,14.468907439414556
Ohio,2021,3,45936,70.87687216997561,15.29669540229885
Ohio,2021,4,27181,59.08906957065597,19.46727493469703
Ohio,2021,5,39424,62.42390422077923,19.271218039772727
Ohio,2021,6,28996,66.28845357980411,17.52457235480756
Ohio,2021,7,14354,79.7617388881148,13.716107008499373
Ohio,2021,8,13876,82.68232920149899,12.552140386278467
Ohio,2021,9,9462,76.37920101458465,13.938068061720566
Ohio,2021,10,9041,79.59296537993585,13.478929321977658
Ohio,2021,11,10980,84.26229508196721,13.033287795992713
Ohio,2021,12,18064,87.65500442869796,11.568229627989371
Ohio,2022,1,31552,88.65365111561866,11.027351673427992
Ohio,2022,2,22569,83.85838982675351,12.253024059550711
Ohio,2022,3,16276,82.91349225854017,13.095355124109117
Ohio,2022,4,11311,88.25921669171602,11.532004243656617
Ohio,2022,5,10902,90.1119060722803,10.564483580994313
Ohio,2022,6,15956,92.43544748057158,10.047724993732766
Ohio,2022,7,14497,87.8664551286473,11.063357936124715
Ohio,2022,8,12510,83.3013589128697,12.4671862509992
Ohio,2022,9,10548,84.10125142207053,12.428706863860448
Ohio,2022,10,10355,85.35007242877836,12.043553838725254
Ohio,2022,11,14266,87.08818169073321,11.546053553904388
Ohio,2022,12,25610,90.50370948848106,10.595841468176493
Ohio,2023,1,37961,87.01562129554016,11.353902689602487
Ohio,2023,2,25530,82.46376811594203,12.709557383470427
Ohio,2023,3,19175,79.38983050847457,14.296505867014341
Ohio,2023,4,12709,73.10567314501534,15.595129435832874
Ohio,2023,5,15524,77.26745684102035,13.77486472558619
Ohio,2023,6,19280,84.28941908713693,12.22865663900415
Ohio,2023,7,14082,78.52577758841073,13.59742934242295
Ohio,2023,8,13397,75.04665223557512,14.806934388295888
Ohio,2023,9,10855,72.55642561031782,15.509903270382312
Ohio,2023,10,16320,79.93259803921569,13.225980392156863
Ohio,2023,11,14646,77.8301242660112,13.805236924757613
Ohio,2023,12,22566,84.03350172826376,11.920167508641319
Ohio,2024,1,32181,83.07075603617041,12.128523041546254
Ohio,2024,2,25847,75.2659883158587,14.324099508647038
Ohio,2024,3,15683,77.01332653191353,14.836032646815022
Ohio,2024,4,12561,81.69731709258818,13.159183186052067
Ohio,2024,5,13087,85.16848781233286,11.959845648353328
Ohio,2024,6,16484,88.22494540160154,11.120723125454987
Ohio,2024,7,19897,87.21415288736995,11.320601095642559
Ohio,2024,8,14677,84.69033181167813,11.997138379777883
Ohio,2024,9,12453,86.00337268128162,11.665261382799326
Ohio,2024,10,20522,91.19481532014424,10.152007601598285
Ohio,2024,11,15987,88.56570963908176,10.889253768687059
Ohio,2024,12,27379,91.45330362686731,10.059406844661968
Ohio,2025,1,43238,90.1059253434479,10.399116517877793
Ohio,2025,2,26199,84.98797664032979,11.891007290354594
Ohio,2025,3,18730,85.80352375867592,12.013614522156967
Ohio,2025,4,17134,89.10353682736081,10.978522236488853
Ohio,2025,5,14441,89.46748840108026,10.681808739006994
Ohio,2025,6,18032,91.74800354924578,10.107087400177463
Ohio,2025,7,18011,88.70690133807118,10.918549775137416
Ohio,2025,8,13487,88.83369170312152,11.026803588640913
Ohio,2025,9,12988,88.18909762858023,11.159377887280566
Ohio,2025,10,12386,89.1651865008881,10.968230259970936
Ohio,2025,11,14104,90.0595575723199,10.49758933635848
Ohio,2025,12,25658,92.03367370800531,9.919206485306727
Ohio,2026,1,38938,91.45307925419898,10.10710616878114
Ohio,2026,2,26043,87.73566793380179,11.206447029912068
Ohio,2026,3,17064,86.9608532583216,11.660044538209096
Ohio,2026,4,12456,89.2019910083494,11.009593770070648
Ohio,2026,5,11097,91.24988735694332,10.355952059115076
Ohio,2026,6,15975,92.43192488262912,9.93492957746479
Ohio,2026,7,14871,89.26770223925762,10.804014524914262
Ohio,2026,8,11670,88.89460154241645,10.98847472150814
Oklahoma,2020,1,6410,91.09204368174727,9.867784711388456
Oklahoma,2020,2,4969,88.66975246528477,10.405514187965386
Oklahoma,2020,3,19639,96.97540607973929,8.196140333010845
Oklahoma,2020,4,185692,96.64175085625659,8.255417573185705
Oklahoma,2020,5,131265,88.44474917152326,10.624903820515751
Oklahoma,2020,6,111594,94.37335340609711,9.690296969371113
Oklahoma,2020,7,26170,85.84638899503248,11.953859380970577
Oklahoma,2020,8,17086,85.4442233407468,11.812214678684303
Oklahoma,2020,9,11030,84.86854034451497,13.036854034451496
Oklahoma,2020,10,9421,86.14796730707994,13.33690691009447
Oklahoma,2020,11,8978,92.22543996435732,9.842559590109156
Oklahoma,2020,12,8072,92.65361744301288,9.143830525272547
Oklahoma,2021,1,10460,93.79541108986615,8.983604206500956
Oklahoma,2021,2,17703,83.2005874710501,13.469807377280686
Oklahoma,2021,3,30078,87.05366048274486,11.38513199015892
Oklahoma,2021,4,41567,96.20612505112229,8.501587798012848
Oklahoma,2021,5,35650,93.62692847124825,9.161416549789621
Oklahoma,2021,6,26827,91.65393074141723,10.020501733328363
Oklahoma,2021,7,9307,85.967551305469,11.455463629526163
Oklahoma,2021,8,6940,85.05763688760807,11.94193083573487
Oklahoma,2021,9,4160,85.88942307692308,11.768870192307693
Oklahoma,2021,10,4326,87.42487286176606,10.819926028663893
Oklahoma,2021,11,5509,89.18133962606643,9.55118896351425
Oklahoma,2021,12,4780,91.48535564853556,9.761610878661088
Oklahoma,2022,1,5236,92.83804430863253,9.558632543926661
Oklahoma,2022,2,3803,92.61109650276099,9.51249013936366
Oklahoma,2022,3,3790,92.58575197889182,9.634036939313985
Oklahoma,2022,4,3762,92.92929292929293,9.451887293992558
Oklahoma,2022,5,4938,93.15512353179425,9.335459700283515
Oklahoma,2022,6,5800,93.32758620689656,9.352844827586207
Oklahoma,2022,7,5693,94.20340769365887,9.07254523098542
Oklahoma,2022,8,6536,94.01774785801713,9.12545899632803
Oklahoma,2022,9,4285,92.32205367561261,9.704434072345391
Oklahoma,2022,10,3583,94.16689924644153,9.267094613452414
Oklahoma,2022,11,3845,92.74382314694408,9.543172951885566
Oklahoma,2022,12,3941,94.13854351687388,9.171910682567876
Oklahoma,2023,1,5070,94.41814595660749,9.083431952662721
Oklahoma,2023,2,3882,93.79185986604843,9.198093766099948
Oklahoma,2023,3,3005,90.51580698835274,10.032945091514144
Oklahoma,2023,4,2895,93.81692573402418,9.526597582037997
Oklahoma,2023,5,3691,93.06421024112707,9.936467082091575
Oklahoma,2023,6,4025,93.86335403726707,9.59167701863354
Oklahoma,2023,7,3796,94.38883034773446,9.321390937829294
Oklahoma,2023,8,3607,91.87690601607984,10.071666204602163
Oklahoma,2023,9,2753,92.48092989466036,10.005630221576462
Oklahoma,2023,10,3573,94.48642597257206,9.626084522809963
Oklahoma,2023,11,3639,93.45974168727672,9.759274525968673
Oklahoma,2023,12,3828,92.65935214211076,9.813740856844305
Oklahoma,2024,1,5325,94.06572769953053,9.40112676056338
Oklahoma,2024,2,3328,91.82692307692307,10.17938701923077
Oklahoma,2024,3,3294,92.1979356405586,10.1908014571949
Oklahoma,2024,4,3126,93.37811900191939,9.782469609724888
Oklahoma,2024,5,3660,91.63934426229508,9.99139344262295
Oklahoma,2024,6,4879,95.14244722279156,9.043041606886657
Oklahoma,2024,7,4708,94.88105352591334,9.273683092608326
Oklahoma,2024,8,3693,92.90549688600053,9.994178174925535
Oklahoma,2024,9,3413,92.99736302373279,10.032083211251098
Oklahoma,2024,10,3234,94.34137291280148,9.52612863327149
Oklahoma,2024,11,3182,94.87743557510998,9.388277812696417
Oklahoma,2024,12,4105,94.15347137637028,9.496224116930572
Oklahoma,2025,1,4635,94.71413160733549,9.417044228694714
Oklahoma,2025,2,4597,94.27887752882314,9.416249728083534
Oklahoma,2025,3,4674,94.73684210526315,9.323170731707316
Oklahoma,2025,4,4450,93.93258426966293,9.526292134831461
Oklahoma,2025,5,4468,93.50940017905103,9.619852282900627
Oklahoma,2025,6,6222,96.28736740597878,8.86395049823208
Oklahoma,2025,7,5413,94.95658599667468,9.348974690559764
Oklahoma,2025,8,4717,94.55162179351284,9.310790756836973
Oklahoma,2025,9,4609,93.07875894988067,9.392601431980907
Oklahoma,2025,10,5312,93.90060240963855,9.306852409638553
Oklahoma,2025,11,4771,94.78096835045064,9.010270383567386
Oklahoma,2025,12,4796,93.32777314428691,9.341326105087573
Oklahoma,2026,1,5302,94.47378347793286,9.015654470011317
Oklahoma,2026,2,5078,94.42693974005513,9.168865695155572
Oklahoma,2026,3,5281,95.13349744366597,8.849839045635296
Oklahoma,2026,4,3921,95.30731956133639,9.096659015557256
Oklahoma,2026,5,4320,95.0925925925926,9.068402777777777
Oklahoma,2026,6,5330,93.35834896810506,9.412945590994372
Oklahoma,2026,7,4632,85.70811744386873,11.393134715025907
Oklahoma,2026,8,4004,87.88711288711288,10.824550449550449
Oregon,2020,1,21206,95.58615486183156,8.70572007922286
Oregon,2020,2,13427,93.60244283905563,9.265398078498547
Oregon,2020,3,41539,97.62632706613063,7.961193095645056
Oregon,2020,4,275402,92.92634040420911,8.956645195024
Oregon,2020,5,122723,73.90709158022538,15.094864043414844
Oregon,2020,6,71595,73.97304281025211,18.460597807109433
Oregon,2020,7,56411,83.70176029497793,13.390872347591781
Oregon,2020,8,31389,93.5646245500016,8.287775972474433
Oregon,2020,9,30155,92.93649477698558,8.807013762228486
Oregon,2020,10,18663,91.96270696029578,9.118871564057226
Oregon,2020,11,43734,91.94676910412952,9.319945580097864
Oregon,2020,12,31742,90.88274210824775,10.01538970449247
Oregon,2021,1,30063,87.66922795462861,11.004207830223198
Oregon,2021,2,22722,85.83751430331837,11.3199762344864
Oregon,2021,3,25278,87.26165044702904,11.089425587467362
Oregon,2021,4,27063,82.58138417765953,12.112459815984923
Oregon,2021,5,22994,80.25571888318692,12.986257284509003
Oregon,2021,6,19811,81.8838019282217,12.982686386351016
Oregon,2021,7,16973,85.96005420373535,11.242237671596063
Oregon,2021,8,16145,87.02384639207185,10.748745741715702
Oregon,2021,9,23038,91.22753711259658,9.568018057123014
Oregon,2021,10,8932,88.92745185848634,10.734326018808778
Oregon,2021,11,12642,90.58693244739756,9.908242366714127
Oregon,2021,12,13083,94.28265688297792,9.18176259267752
Oregon,2022,1,18509,97.09330595926306,8.350478145766925
Oregon,2022,2,8624,93.00788497217069,9.488694341372913
Oregon,2022,3,8592,92.99348230912476,9.634951117318435
Oregon,2022,4,7931,93.77127726642289,9.365149413693103
Oregon,2022,5,9018,93.72366378354403,9.24162785540031
Oregon,2022,6,7684,95.38001041124414,8.96857105674128
Oregon,2022,7,10019,95.78800279469009,8.795039425092325
Oregon,2022,8,9763,95.56488784185188,8.846205059920106
Oregon,2022,9,7744,94.61518595041323,9.28021694214876
Oregon,2022,10,9452,96.0431654676259,8.932289462547608
Oregon,2022,11,11235,95.61192701379618,8.955585224744103
Oregon,2022,12,13503,95.14182033622158,9.088943197807895
Oregon,2023,1,21724,96.39108819738537,8.67400110476892
Oregon,2023,2,14933,93.99316949039041,9.169959150873904
Oregon,2023,3,13966,95.11671201489331,9.001503651725619
Oregon,2023,4,12122,97.03844250123743,8.476447780894242
Oregon,2023,5,12901,95.36470041082087,8.854158592357182
Oregon,2023,6,11425,92.945295404814,9.655142231947483
Oregon,2023,7,15966,93.91832644369285,9.311411749968684
Oregon,2023,8,11952,87.78447121820616,11.582329317269076
Oregon,2023,9,9143,87.01739035327573,12.713059170950453
Oregon,2023,10,11433,87.7372518149217,13.38130849295898
Oregon,2023,11,12538,90.50087733290796,11.828122507576966
Oregon,2023,12,15645,86.0466602748482,14.09012464046021
Oregon,2024,1,23379,91.39826339877668,11.401321698960606
Oregon,2024,2,16019,84.4559585492228,14.038298270803422
Oregon,2024,3,6119,81.22242196437325,13.836411178297107
Oregon,2024,4,11364,73.86483632523759,15.605772615276312
Oregon,2024,5,13422,74.23632841603339,14.292318581433467
Oregon,2024,6,10261,89.25056037423253,11.07967059740766
Oregon,2024,7,17918,88.28552293782789,10.558014287308852
Oregon,2024,8,12719,86.52409780643133,11.255916345624655
Oregon,2024,9,11381,90.2732624549688,10.419866444073456
Oregon,2024,10,12812,92.21042772400874,9.840227911333125
Oregon,2024,11,13300,93.95488721804512,9.191165413533835
Oregon,2024,12,18387,92.75031272094415,9.500815793767336
Oregon,2025,1,19850,92.61964735516372,9.583148614609572
Oregon,2025,2,16921,91.5607824596655,9.84111459133621
Oregon,2025,3,14653,89.18992697741078,10.43574694601788
Oregon,2025,4,12572,83.2325803372574,11.284640470887688
Oregon,2025,5,11954,82.28208131169484,11.770327923707546
Oregon,2025,6,13028,87.30426773104082,11.082706478354314
Oregon,2025,7,22235,79.34787497189116,12.781313244884192
Oregon,2025,8,16732,79.14774085584509,13.468354052115707
Oregon,2025,9,13590,81.58204562178072,11.664348785871965
Oregon,2025,10,13531,83.31978419924617,10.819895055797797
Oregon,2025,11,13768,85.85851249273678,10.53860400929692
Oregon,2025,12,20120,89.40357852882703,9.689761431411531
Oregon,2026,1,20734,87.74476704929101,10.150067521944631
Oregon,2026,2,15930,84.26239799121154,10.915285624607659
Oregon,2026,3,14391,83.67034952400806,11.70283510527413
Oregon,2026,4,12414,80.48976961495086,13.476639278234252
Oregon,2026,5,11117,78.33048484303319,14.810875236124854
Oregon,2026,6,14374,83.01794907471825,13.34023236399054
Oregon,2026,7,24983,77.99303526397951,13.161129568106313
Oregon,2026,8,17632,78.82259528130672,14.01105943738657
Pennsylvania,2020,1,84353,97.26387917442177,8.264934264341518
Pennsylvania,2020,2,46166,95.31906597929212,8.863579257462202
Pennsylvania,2020,3,31304,95.72578584206491,8.848869154101711
Pennsylvania,2020,4,1258120,85.46100530950943,12.062616443582488
Pennsylvania,2020,5,342243,71.74668291243357,16.874730819914504
Pennsylvania,2020,6,163624,76.0878599716423,18.259967975358137
Pennsylvania,2020,7,125586,84.9179048620069,13.898368448712436
Pennsylvania,2020,8,71198,79.6497092614961,14.720708446866485
Pennsylvania,2020,9,46385,84.56613129244369,13.607254500377277
Pennsylvania,2020,10,37148,85.54161731452568,12.619360396252826
Pennsylvania,2020,11,38728,87.27793844247056,12.190237037802108
Pennsylvania,2020,12,75618,89.4694384934804,11.873634584358221
Pennsylvania,2021,1,82923,88.50620455121016,12.16538837234543
Pennsylvania,2021,2,59286,83.87308976824208,13.522214350774213
Pennsylvania,2021,3,52523,86.56398149382176,13.086209850922453
Pennsylvania,2021,4,71990,89.08320600083344,11.548145575774413
Pennsylvania,2021,5,52072,85.62183131049316,12.908626517130127
Pennsylvania,2021,6,42975,89.27283304246654,10.945526468877254
Pennsylvania,2021,7,98739,86.1169345446075,11.554244017055064
Pennsylvania,2021,8,33607,71.21135477727854,16.942154908203648
Pennsylvania,2021,9,38756,79.9282691712251,12.940564041696769
Pennsylvania,2021,10,21454,81.98471147571549,13.108068425468444
Pennsylvania,2021,11,13019,82.37191796604962,12.688532145326063
Pennsylvania,2021,12,19955,84.26960661488349,12.238737158606865
Pennsylvania,2022,1,36417,86.11637422083092,11.802633385506768
Pennsylvania,2022,2,33724,76.37587474795397,14.843420116237695
Pennsylvania,2022,3,26148,76.64066085360257,15.796007342817806
Pennsylvania,2022,4,19334,85.68842453708493,11.841496844936382
Pennsylvania,2022,5,20371,88.08109567522459,10.63907024691964
Pennsylvania,2022,6,28943,89.85592371212383,10.389696990636768
Pennsylvania,2022,7,30079,83.89241663619136,12.051697197380232
Pennsylvania,2022,8,25118,78.72043952543993,14.132713591846485
Pennsylvania,2022,9,19346,80.97281091698542,13.703685516385816
Pennsylvania,2022,10,21309,84.86554976770378,12.14329625979633
Pennsylvania,2022,11,28374,87.70000704870657,10.973919785719321
Pennsylvania,2022,12,39806,88.60222077073809,10.585564990202482
Pennsylvania,2023,1,71311,89.0928468258754,10.684887324536186
Pennsylvania,2023,2,37016,82.95061594985953,12.596120596498812
Pennsylvania,2023,3,30390,79.06548206646923,14.513951957880883
Pennsylvania,2023,4,25711,81.82101046244797,13.283983509003928
Pennsylvania,2023,5,31027,84.51671125149063,12.183146936539144
Pennsylvania,2023,6,49394,88.95209944527676,10.789184921245495
Pennsylvania,2023,7,53854,84.87206149961006,12.348794889887474
Pennsylvania,2023,8,40027,79.7911409798386,15.101881230169635
Pennsylvania,2023,9,29134,78.14580902038854,16.545084780668635
Pennsylvania,2023,10,28801,86.24700531231555,12.740460400680531
Pennsylvania,2023,11,33063,90.21262438375223,10.577700148201918
Pennsylvania,2023,12,44533,90.53735432151439,10.277659263916647
Pennsylvania,2024,1,74163,92.70256057602847,9.563576176799751
Pennsylvania,2024,2,49329,81.42674694398832,14.531452087007642
Pennsylvania,2024,3,44935,72.1130521864916,16.719528207410704
Pennsylvania,2024,4,33578,83.06033712549883,11.696884865090238
Pennsylvania,2024,5,31205,80.23714148373658,12.433071623137318
Pennsylvania,2024,6,47009,86.18775128166946,11.244825458954669
Pennsylvania,2024,7,61488,84.74661722612542,11.565053343741868
Pennsylvania,2024,8,37643,82.22245835879181,12.261961055176261
Pennsylvania,2024,9,31357,84.14070223554549,11.51825748636668
Pennsylvania,2024,10,33508,90.63208785961562,9.802002506864033
Pennsylvania,2024,11,33253,94.69822271674737,8.830586713980694
Pennsylvania,2024,12,59145,95.04607320990786,8.707126553385747
Pennsylvania,2025,1,78405,94.26312097442765,8.985396339519163
Pennsylvania,2025,2,44913,89.95836394807739,10.074644312337185
Pennsylvania,2025,3,35804,86.94000670316166,11.357194726846162
Pennsylvania,2025,4,34360,87.16530849825378,11.29057043073341
Pennsylvania,2025,5,34597,88.67242824522357,10.651848426164118
Pennsylvania,2025,6,58670,91.61922618033066,9.811411283449804
Pennsylvania,2025,7,57738,90.1953652707056,9.995999168658422
Pennsylvania,2025,8,36415,88.18893313195112,10.741329122614307
Pennsylvania,2025,9,33174,86.09151745342739,11.217504672333755
Pennsylvania,2025,10,33811,86.09032563366952,11.37894472213185
Pennsylvania,2025,11,34512,88.70537783959203,10.588867640241075
Pennsylvania,2025,12,60793,93.35285312453736,9.37638379418683
Pennsylvania,2026,1,69635,93.38694621957349,9.293666977812881
Pennsylvania,2026,2,55173,89.95341924492052,10.08245881137513
Pennsylvania,2026,3,39008,88.53312141099262,10.818460315832649
Pennsylvania,2026,4,29878,91.39500635919406,10.135367159783119
Pennsylvania,2026,5,29915,92.7695136219288,9.640197225472171
Pennsylvania,2026,6,57374,95.58685118694879,8.734444173318925
Pennsylvania,2026,7,48466,93.3128378657203,9.400249659555152
Pennsylvania,2026,8,34724,92.05160695772376,9.78661732519295
Rhode Island,2020,1,9730,98.80781089414184,7.844501541623844
Rhode Island,2020,2,5306,96.55107425555974,8.411044101017715
Rhode Island,2020,3,59964,99.22953772263358,7.716163031152025
Rhode Island,2020,4,112489,92.84374472170612,9.182577852056646
Rhode Island,2020,5,23958,87.14416896235078,11.29384756657484
Rhode Island,2020,6,13763,96.0691709656325,8.694761316573421
Rhode Island,2020,7,12935,96.1654425976034,8.542674913026671
Rhode Island,2020,8,10548,95.28820629503223,8.78782707622298
Rhode Island,2020,9,5046,95.20412207689259,8.906559651208878
Rhode Island,2020,10,4896,95.38398692810458,8.608047385620916
Rhode Island,2020,11,10101,97.23789723789724,8.01935451935452
Rhode Island,2020,12,15576,97.78505392912173,7.902317668207499
Rhode Island,2021,1,26744,98.19772659288064,7.774211037989829
Rhode Island,2021,2,22268,97.77707921681336,7.901764864379379
Rhode Island,2021,3,15656,96.87020950434338,8.233297138477262
Rhode Island,2021,4,21386,96.87646123632283,8.18657065369868
Rhode Island,2021,5,24585,97.84014643075047,7.948240797234086
Rhode Island,2021,6,22146,98.02221620157138,7.920391944369186
Rhode Island,2021,7,8413,94.79377154403899,8.892428384642814
Rhode Island,2021,8,5533,91.45129224652088,9.7834809325863
Rhode Island,2021,9,2908,85.11004126547455,11.866231086657496
Rhode Island,2021,10,2484,83.05152979066023,12.403180354267311
Rhode Island,2021,11,2660,86.61654135338345,11.4046992481203
Rhode Island,2021,12,3726,93.20987654320987,9.343666129898015
Rhode Island,2022,1,8783,96.28828418535808,8.519070932483206
Rhode Island,2022,2,5052,92.79493269992082,9.190122723673792
Rhode Island,2022,3,3209,93.05079464007478,9.580087254596448
Rhode Island,2022,4,2736,96.27192982456141,8.678545321637428
Rhode Island,2022,5,2803,94.89832322511594,8.953264359614698
Rhode Island,2022,6,3041,95.98816178888524,8.872903650115093
Rhode Island,2022,7,5309,97.5513279336975,8.293746468261443
Rhode Island,2022,8,3516,92.51990898748578,9.602389078498293
Rhode Island,2022,9,2468,89.34359805510535,10.847244732576986
Rhode Island,2022,10,2596,92.10323574730354,10.278120184899846
Rhode Island,2022,11,2987,92.5677937730164,9.494308670907264
Rhode Island,2022,12,4428,93.54110207768744,9.210252935862693
Rhode Island,2023,1,10113,96.43033718975576,8.523484623751607
Rhode Island,2023,2,6064,94.32717678100263,9.147344986807388
Rhode Island,2023,3,3551,93.88904533934102,9.546747395099972
Rhode Island,2023,4,3132,94.44444444444444,9.301564495530013
Rhode Island,2023,5,3042,94.21433267587113,9.267751479289942
Rhode Island,2023,6,3237,93.17269076305222,9.61523015137473
Rhode Island,2023,7,6627,97.40455711483325,8.469065942357025
Rhode Island,2023,8,3779,94.1254300079386,9.321249007673988
Rhode Island,2023,9,2808,88.92450142450143,10.47934472934473
Rhode Island,2023,10,3307,91.44239491986696,9.998034472331419
Rhode Island,2023,11,3696,94.42640692640693,9.411525974025974
Rhode Island,2023,12,4760,96.78571428571429,8.533088235294118
Rhode Island,2024,1,10281,98.23947086859255,7.980692539636222
Rhode Island,2024,2,6317,95.8366313123318,8.647459236979579
Rhode Island,2024,3,3792,94.80485232067511,9.350210970464135
Rhode Island,2024,4,3826,96.21014113957136,8.821876633559853
Rhode Island,2024,5,2974,94.5191661062542,9.320275722932077
Rhode Island,2024,6,3521,95.85345072422608,9.051973871059358
Rhode Island,2024,7,7646,96.53413549568401,8.640269421919959
Rhode Island,2024,8,3782,91.08937070333157,10.32971972501322
Rhode Island,2024,9,3306,93.70840895341803,9.671960072595281
Rhode Island,2024,10,3138,95.06054811982155,9.416029318036966
Rhode Island,2024,11,3447,94.11082100377139,9.45213228894691
Rhode Island,2024,12,6834,97.00029265437519,8.491878841088674
Rhode Island,2025,1,10576,97.61724659606656,8.165658093797276
Rhode Island,2025,2,6439,94.42460009318218,9.16904798881814
Rhode Island,2025,3,4690,94.6268656716418,9.41631130063966
Rhode Island,2025,4,3726,95.65217391304348,9.111782071927
Rhode Island,2025,5,3309,93.50256875188879,9.66152916288909
Rhode Island,2025,6,4965,93.95770392749245,9.528499496475327
Rhode Island,2025,7,6502,93.83266687173177,9.269071055059982
Rhode Island,2025,8,3984,85.36646586345381,12.131777108433734
Rhode Island,2025,9,3133,86.11554420683052,11.29684008937121
Rhode Island,2025,10,2685,84.58100558659218,11.928864059590316
Rhode Island,2025,11,3568,84.3609865470852,12.578755605381167
Rhode Island,2025,12,6094,91.23728257302265,10.12832294059731
Rhode Island,2026,1,9983,95.55243914654913,8.777171191024742
Rhode Island,2026,2,6899,90.96970575445717,10.190244963038122
Rhode Island,2026,3,4889,89.20024544896707,11.372980159541829
Rhode Island,2026,4,3126,81.92578374920025,14.799264235444658
Rhode Island,2026,5,3115,81.31621187800963,13.371268057784912
Rhode Island,2026,6,3848,90.95634095634095,9.957120582120583
Rhode Island,2026,7,5985,92.39766081871345,9.738011695906433
South Carolina,2020,1,13570,95.18791451731762,9.250847457627119
South Carolina,2020,2,5924,94.66576637407157,9.066424713031735
South Carolina,2020,3,7414,97.22147288912868,8.341381170758025
South Carolina,2020,4,381711,92.6921152390159,9.745215621242249
South Carolina,2020,5,120086,89.50335592825141,11.062817480805423
South Carolina,2020,6,52195,82.42168790113995,13.992259794999521
South Carolina,2020,7,52195,82.42168790113995,13.992259794999521
South Carolina,2020,8,19248,70.58915211970074,16.27530133000831
South Carolina,2020,9,12438,71.36999517607332,17.295505708313232
South Carolina,2020,10,7765,73.61236316806182,15.99671603348358
South Carolina,2020,11,8107,76.48945355865303,15.224559023066485
South Carolina,2020,12,11515,81.37212331741208,13.900738167607468
South Carolina,2021,1,10108,81.21290067273446,12.568114364859516
South Carolina,2021,2,10623,69.34952461639838,17.785936176221405
South Carolina,2021,3,10555,75.74609189957367,16.04163903363335
South Carolina,2021,4,13065,84.24033677765021,11.3849598163031
South Carolina,2021,5,13119,71.285921183017,16.351665523286837
South Carolina,2021,6,7390,76.45466847090663,17.5117050067659
South Carolina,2021,7,7261,86.2553367304779,12.407244181242254
South Carolina,2021,8,5035,79.68222442899702,14.141906653426018
South Carolina,2021,9,5450,81.94495412844036,13.87880733944954
South Carolina,2021,10,4572,83.57392825896764,12.35148731408574
South Carolina,2021,11,4173,88.44955667385574,10.587706685837526
South Carolina,2021,12,4357,88.22584347027771,10.47750745926096
South Carolina,2022,1,9510,92.8391167192429,9.925184016824396
South Carolina,2022,2,4957,85.59612668952997,11.770627395602178
South Carolina,2022,3,3982,89.62832747363134,10.909969864389755
South Carolina,2022,4,4448,94.60431654676259,8.95357464028777
South Carolina,2022,5,4913,93.3238347242011,9.353348259719112
South Carolina,2022,6,6208,94.70038659793815,8.983005798969073
South Carolina,2022,7,6461,93.56136820925553,9.249496981891348
South Carolina,2022,8,5943,90.5771495877503,10.04055190980986
South Carolina,2022,9,4299,91.48639218422889,10.024889509188183
South Carolina,2022,10,4654,94.6067898581865,9.110335195530727
South Carolina,2022,11,5248,94.26448170731707,9.194264481707316
South Carolina,2022,12,5815,92.38177128116939,9.539896818572657
South Carolina,2023,1,10972,92.39883339409405,9.447183740430185
South Carolina,2023,2,6142,92.64083360468902,9.625610550309345
South Carolina,2023,3,5553,94.0032414910859,9.383666486583829
South Carolina,2023,4,6154,96.11634709132272,8.700926226844329
South Carolina,2023,5,6206,96.11666129552047,8.683129229777634
South Carolina,2023,6,8836,96.831145314622,8.476233589859666
South Carolina,2023,7,8936,95.04252461951657,8.60088406445837
South Carolina,2023,8,6135,96.23471882640587,8.650611246943765
South Carolina,2023,9,5538,96.85807150595883,8.45467677862044
South Carolina,2023,10,5735,97.43679163034001,8.19738448125545
South Carolina,2023,11,6118,97.40111147433802,8.428162798300098
South Carolina,2023,12,5777,96.78033581443655,8.455167041717154
South Carolina,2024,1,10541,95.02893463618253,8.791101413528128
South Carolina,2024,2,6113,95.6649762800589,8.736790446589236
South Carolina,2024,3,5338,96.36568002997377,8.529692768827276
South Carolina,2024,4,5988,97.34468937875751,8.264612558450233
South Carolina,2024,5,5900,97.27118644067797,8.407203389830508
South Carolina,2024,6,7600,97.85526315789474,8.180394736842105
South Carolina,2024,7,9629,95.94973517499221,8.666372416658012
South Carolina,2024,8,6234,96.75970484440167,8.604908565928778
South Carolina,2024,9,5628,97.29921819474058,8.41453447050462
South Carolina,2024,10,5627,94.59747645281678,9.148924826728274
South Carolina,2024,11,4842,95.20859149111938,9.215406856670798
South Carolina,2024,12,6610,95.79425113464448,8.83161875945537
South Carolina,2025,1,11341,96.55233224583371,8.685565646768362
South Carolina,2025,2,6037,95.16316051018718,9.13475236044393
South Carolina,2025,3,5773,95.84271609215313,8.891737398233154
South Carolina,2025,4,7048,97.09137343927355,8.621098183881953
South Carolina,2025,5,6513,95.34776600644864,9.117918010133579
South Carolina,2025,6,9248,97.16695501730104,8.411386245674741
South Carolina,2025,7,7742,95.19504004133299,9.204210798243349
South Carolina,2025,8,5875,95.42127659574469,9.20731914893617
South Carolina,2025,9,5735,96.04184829991281,8.914821272885789
South Carolina,2025,10,6192,95.04198966408268,9.38703165374677
South Carolina,2025,11,5681,95.7049815173385,9.00052807604295
South Carolina,2025,12,6919,95.66411331117214,9.105000722647782
South Carolina,2026,1,8955,95.74539363484087,8.960469011725293
South Carolina,2026,2,5998,96.43214404801601,8.713487829276426
South Carolina,2026,3,5408,95.91346153846155,8.89007026627219
South Carolina,2026,4,6544,96.92848410757946,8.54874694376528
South Carolina,2026,5,5487,96.33679606342264,8.606342263531985
South Carolina,2026,6,10141,96.2232521447589,8.499013903954244
South Carolina,2026,7,7305,95.72895277207392,8.795619438740589
South Carolina,2026,8,7003,96.08739111809224,8.685277738112237
South Dakota,2020,1,2409,97.79991697799917,9.012245745122458
South Dakota,2020,2,1216,97.61513157894737,8.907483552631579
South Dakota,2020,3,1533,99.15198956294846,7.959882583170255
South Dakota,2020,4,35044,98.18228512726857,7.91975801849104
South Dakota,2020,5,13389,85.30883561132273,11.40820823063709
South Dakota,2020,6,9119,82.57484373286545,13.910735826296744
South Dakota,2020,7,3318,82.24834237492466,14.868444846292947
South Dakota,2020,8,2183,70.31607879065506,16.796152084287677
South Dakota,2020,9,993,82.57804632426989,12.708459214501511
South Dakota,2020,10,648,91.51234567901234,9.02391975308642
South Dakota,2020,11,951,89.27444794952682,9.812828601472134
South Dakota,2020,12,1939,92.83135636926251,9.832903558535328
South Dakota,2021,1,2402,95.54537885095755,9.457327227310575
South Dakota,2021,2,1708,91.21779859484778,10.348360655737705
South Dakota,2021,3,1145,88.82096069868996,12.117903930131005
South Dakota,2021,4,777,84.42728442728443,14.893822393822393
South Dakota,2021,5,561,76.8270944741533,15.456327985739751
South Dakota,2021,6,651,87.86482334869432,11.089861751152073
South Dakota,2021,7,800,94.125,9.445625
South Dakota,2021,8,450,95.77777777777777,8.944444444444445
South Dakota,2021,9,268,95.52238805970148,9.42910447761194
South Dakota,2021,10,239,94.14225941422593,9.364016736401673
South Dakota,2021,11,405,95.30864197530863,9.285185185185185
South Dakota,2021,12,1231,98.94394800974817,8.40089358245329
South Dakota,2022,1,2352,97.40646258503402,8.65688775510204
South Dakota,2022,2,1040,97.40384615384615,8.65673076923077
South Dakota,2022,3,517,95.16441005802709,9.190522243713733
South Dakota,2022,4,243,94.65020576131687,9.796296296296296
South Dakota,2022,5,284,95.77464788732394,9.51056338028169
South Dakota,2022,6,455,96.48351648351648,8.716483516483516
South Dakota,2022,7,488,96.51639344262296,9.256147540983607
South Dakota,2022,8,403,93.05210918114145,9.529776674937965
South Dakota,2022,9,178,93.82022471910112,9.567415730337078
South Dakota,2022,10,279,97.4910394265233,8.863799283154123
South Dakota,2022,11,410,96.34146341463415,9.61829268292683
South Dakota,2022,12,1291,98.14097598760651,8.450038729666925
South Dakota,2023,1,2148,96.60148975791434,9.064944134078212
South Dakota,2023,2,1098,97.54098360655738,8.765938069216757
South Dakota,2023,3,759,97.36495388669302,8.960474308300395
South Dakota,2023,4,329,93.00911854103343,9.940729483282675
South Dakota,2023,5,340,97.94117647058823,8.794117647058824
South Dakota,2023,6,488,97.54098360655738,8.684426229508198
South Dakota,2023,7,595,95.12605042016806,9.573109243697479
South Dakota,2023,8,559,95.70661896243293,9.008944543828266
South Dakota,2023,9,246,93.90243902439023,9.922764227642276
South Dakota,2023,10,267,96.25468164794007,9.51685393258427
South Dakota,2023,11,514,96.10894941634241,9.183852140077821
South Dakota,2023,12,1254,97.52791068580542,8.734848484848484
South Dakota,2024,1,2109,97.34471313418682,8.844713134186819
South Dakota,2024,2,1318,97.79969650986344,8.620257966616085
South Dakota,2024,3,473,96.61733615221986,9.047568710359409
South Dakota,2024,4,478,95.18828451882845,9.50418410041841
South Dakota,2024,5,385,96.88311688311688,9.167532467532467
South Dakota,2024,6,683,96.92532942898976,8.607613469985358
South Dakota,2024,7,646,97.21362229102168,9.048761609907121
South Dakota,2024,8,420,96.19047619047619,9.266666666666667
South Dakota,2024,9,348,95.40229885057471,9.280172413793103
South Dakota,2024,10,420,96.9047619047619,8.983333333333333
South Dakota,2024,11,500,96.39999999999999,8.93
South Dakota,2024,12,1692,97.75413711583924,8.590425531914894
South Dakota,2025,1,2394,96.99248120300751,8.887426900584796
South Dakota,2025,2,1222,96.07201309328968,8.915302782324058
South Dakota,2025,3,617,96.5964343598055,9.1709886547812
South Dakota,2025,4,442,97.05882352941177,9.213800904977376
South Dakota,2025,5,346,96.82080924855492,9.111271676300579
South Dakota,2025,6,697,97.27403156384506,8.851506456241033
South Dakota,2025,7,756,97.75132275132276,8.75
South Dakota,2025,8,386,94.81865284974094,9.516839378238341
South Dakota,2025,9,377,92.3076923076923,10.226790450928382
South Dakota,2025,10,510,95.09803921568627,9.746078431372549
South Dakota,2025,11,524,96.37404580152672,9.427480916030534
South Dakota,2025,12,1672,97.188995215311,9.138157894736842
South Dakota,2026,1,2178,98.0257116620753,8.37809917355372
South Dakota,2026,2,1120,96.96428571428571,9.024553571428571
South Dakota,2026,3,614,95.11400651465797,9.530130293159608
South Dakota,2026,4,454,96.47577092511013,9.20704845814978
South Dakota,2026,5,343,96.20991253644316,9.075801749271138
South Dakota,2026,6,644,95.96273291925466,9.141304347826088
South Dakota,2026,7,728,95.6043956043956,9.134615384615385
South Dakota,2026,8,390,96.41025641025641,9.385897435897435
Tennessee,2020,1,13682,94.63528723870779,9.390659260342055
Tennessee,2020,2,8540,91.92037470725995,10.139168618266979
Tennessee,2020,3,47216,98.81607929515418,7.901103439512029
Tennessee,2020,4,471569,96.51652250253939,8.473017734414263
Tennessee,2020,5,205963,80.93492520501255,12.839405621398019
Tennessee,2020,6,70656,84.97367527173914,13.461906985960145
Tennessee,2020,7,26060,64.77359938603223,17.52413660782809
Tennessee,2020,8,91953,63.06917664459017,17.980087653475145
Tennessee,2020,9,20890,89.61704164672092,11.482312111057922
Tennessee,2020,10,12101,90.33137757210147,10.729154615321049
Tennessee,2020,11,8289,89.72131740861383,10.784775003016046
Tennessee,2020,12,13722,87.16659379099256,11.980797259874654
Tennessee,2021,1,20688,88.95494972931168,10.947554137664346
Tennessee,2021,2,19848,82.71866182990729,12.947626964933495
Tennessee,2021,3,18452,81.67136353782787,14.125487752005203
Tennessee,2021,4,27182,92.38466632330218,9.849716724302848
Tennessee,2021,5,20170,85.10163609320773,11.511675756073377
Tennessee,2021,6,20678,86.00444917303415,11.941145178450528
Tennessee,2021,7,11594,84.28497498706228,12.458685526996723
Tennessee,2021,8,9843,85.86812963527379,11.1831250634969
Tennessee,2021,9,5457,85.3032801905809,10.697452812900861
Tennessee,2021,10,3044,80.28909329829173,11.909658344283837
Tennessee,2021,11,3347,80.57962354347177,12.020764864057364
Tennessee,2021,12,4079,87.25177739642069,8.399852905123804
Tennessee,2022,1,6065,89.57955482275351,9.993569661995053
Tennessee,2022,2,4354,77.56086357372531,13.520211299954065
Tennessee,2022,3,4526,79.76137870083959,13.178524083075564
Tennessee,2022,4,3359,84.13218219708246,11.575320035724918
Tennessee,2022,5,4530,85.45253863134657,11.017328918322296
Tennessee,2022,6,5975,87.2133891213389,10.902259414225941
Tennessee,2022,7,7094,79.84212010149422,13.222371017761489
Tennessee,2022,8,7594,81.38003687121412,12.852646826441928
Tennessee,2022,9,4963,80.09268587547854,13.091376183759822
Tennessee,2022,10,4454,81.99371351594073,12.783228558599012
Tennessee,2022,11,4003,78.34124406694978,13.46252810392206
Tennessee,2022,12,8934,81.2961719274681,12.423438549361988
Tennessee,2023,1,10301,90.02038637025531,10.393262790020387
Tennessee,2023,2,6032,80.81896551724138,12.870523872679046
Tennessee,2023,3,6151,79.66184360266624,13.689400097545114
Tennessee,2023,4,5926,78.24839689503881,14.246203172460344
Tennessee,2023,5,7806,86.3822700486805,11.686587240584165
Tennessee,2023,6,8011,87.65447509674198,11.02964673573836
Tennessee,2023,7,7933,86.44901046262447,11.565485944787596
Tennessee,2023,8,8418,82.69185079591352,13.340460917082442
Tennessee,2023,9,6084,85.71663379355687,12.572978303747535
Tennessee,2023,10,7708,86.22210690192009,12.4793072132849
Tennessee,2023,11,6125,83.21632653061225,13.72408163265306
Tennessee,2023,12,9593,86.39633065777129,11.90748462420515
Tennessee,2024,1,13387,87.2264136849182,11.409763203107492
Tennessee,2024,2,6029,82.43489799303367,12.886299552164537
Tennessee,2024,3,8906,75.69054569952841,13.873961374354367
Tennessee,2024,4,9727,81.39200164490593,12.545029299886913
Tennessee,2024,5,9100,94.47252747252747,9.489450549450549
Tennessee,2024,6,11156,94.83685908927932,9.145392613840086
Tennessee,2024,7,10763,94.41605500325188,9.930038093468363
Tennessee,2024,8,8437,93.68258859784284,9.849354035794713
Tennessee,2024,9,8940,95.16778523489933,9.24854586129754
Tennessee,2024,10,9721,97.1402119123547,8.611511161403147
Tennessee,2024,11,7261,96.06114860212091,8.853257127117477
Tennessee,2024,12,9165,96.62847790507365,8.680250954719039
Tennessee,2025,1,13767,95.33667465678796,9.163979080409675
Tennessee,2025,2,11172,96.12423916935195,8.88703902613677
Tennessee,2025,3,9932,96.80829641562626,8.659283125251712
Tennessee,2025,4,9395,97.91378392762108,8.2654071314529
Tennessee,2025,5,8068,97.32275656916212,8.598041646008925
Tennessee,2025,6,13425,96.02979515828677,9.255530726256984
Tennessee,2025,7,12293,95.18425119986983,9.283982754413081
Tennessee,2025,8,8796,95.70259208731241,9.203331059572532
Tennessee,2025,9,10411,96.839880895207,8.790077802324465
Tennessee,2025,10,12765,98.09635722679201,8.057657657657657
Tennessee,2025,11,9084,96.8405988551299,8.33272787318362
Tennessee,2025,12,9712,97.44645799011532,8.410368616144975
Tennessee,2026,1,15499,96.3804116394606,8.702496935286147
Tennessee,2026,2,9634,95.54702096740711,9.431752127880424
Tennessee,2026,3,9786,95.90230942162272,9.461322297159207
Tennessee,2026,4,8189,96.29991451947734,9.049883990719257
Tennessee,2026,5,8442,96.75432361999526,8.978914949064203
Tennessee,2026,6,12009,94.57906570072446,9.60525439253893
Tennessee,2026,7,11864,93.45077545515846,9.807063385030343
Tennessee,2026,8,9451,96.29668818114484,9.0682996508306
Texas,2020,1,66363,93.2658258366861,10.20112864095957
Texas,2020,2,51776,94.26375154511743,10.177273254017305
Texas,2020,3,118579,96.9269432192884,8.735340996297827
Texas,2020,4,1327811,91.94350702020093,10.033359792922337
Texas,2020,5,884370,84.04310413062406,12.919211981410495
Texas,2020,6,412019,85.37737337355802,13.29107880947238
Texas,2020,7,303386,87.21529668475144,12.256671369146895
Texas,2020,8,202852,80.62380454715753,14.510566817186914
Texas,2020,9,174701,80.10200285058471,14.56343695800253
Texas,2020,10,113165,90.07290239915167,11.455083285468122
Texas,2020,11,83131,90.03019330935511,11.044688503686952
Texas,2020,12,80928,88.29082641360222,11.284116745749309
Texas,2021,1,92713,87.82263544486749,11.28959800675202
Texas,2021,2,84249,87.21646547733505,11.829861482035396
Texas,2021,3,82138,83.99887993377,12.88969173829409
Texas,2021,4,68354,84.606606782339,12.490636978084677
Texas,2021,5,68365,83.42572953996928,13.066437504571052
Texas,2021,6,64559,77.477965891665,13.74709180749392
Texas,2021,7,74068,83.4071393854296,12.462730193875897
Texas,2021,8,62502,80.32222968864995,13.312581997376084
Texas,2021,9,44222,81.36900185428068,13.623547103251775
Texas,2021,10,45362,83.48176888144262,12.97097791102685
Texas,2021,11,48011,85.58247068380163,12.499000229114161
Texas,2021,12,45766,89.88987457938208,11.17141546125945
Texas,2022,1,49366,90.45091763561966,10.960489000526678
Texas,2022,2,37538,87.31152432202035,11.643228195428632
Texas,2022,3,41701,85.94278314668713,12.09996163161555
Texas,2022,4,38158,88.71534147492007,11.195896011321349
Texas,2022,5,39721,87.32660305631782,11.460512071700109
Texas,2022,6,52027,88.45407192419322,11.320535491187268
Texas,2022,7,47139,90.58741169732069,10.886940749697702
Texas,2022,8,48097,87.27363453022018,11.632357527496518
Texas,2022,9,41444,85.23308560949715,12.095092172570215
Texas,2022,10,39960,85.44044044044044,12.253103103103102
Texas,2022,11,44846,84.5604959193685,12.42068411898497
Texas,2022,12,53568,86.79622162485066,12.043589456391876
Texas,2023,1,62588,87.68613791781172,11.77668243113696
Texas,2023,2,51123,88.50419576315944,11.411351055298006
Texas,2023,3,52931,88.11849388826964,11.529510116944701
Texas,2023,4,49830,89.4099939795304,11.273901264298615
Texas,2023,5,58236,87.96105501751495,11.5148190122948
Texas,2023,6,63808,87.98113089267804,11.47192358324975
Texas,2023,7,58521,86.16564993762923,11.996103962680063
Texas,2023,8,59602,85.24546156169257,12.144844132747224
Texas,2023,9,49112,82.86976706303957,12.840833197589184
Texas,2023,10,52009,85.17564267722895,12.290353592647426
Texas,2023,11,53868,84.62909333927378,12.296400460384644
Texas,2023,12,51398,85.4702517607689,12.068971555313436
Texas,2024,1,62730,85.61932089909135,11.9436952016579
Texas,2024,2,54547,87.78667937741764,11.375868517058683
Texas,2024,3,52730,85.98331120804097,11.734572349706049
Texas,2024,4,57104,86.30218548613057,11.74318786775007
Texas,2024,5,60308,87.4212376467467,11.424819261126219
Texas,2024,6,60153,87.71798580286935,11.488171828503981
Texas,2024,7,64484,85.78717201166181,12.147253582283977
Texas,2024,8,63515,83.26851924742186,12.367456506337085
Texas,2024,9,48103,84.5934764983473,12.625688626488992
Texas,2024,10,54419,84.99788676748929,12.415773902497289
Texas,2024,11,49683,84.37292434031761,12.525551999677958
Texas,2024,12,62794,84.78994808421186,12.109477020097462
Texas,2025,1,65339,84.65388206124979,12.124787645969482
Texas,2025,2,56793,87.50022009754723,11.516542531650027
Texas,2025,3,68893,91.83951925449611,10.614329467435008
Texas,2025,4,64118,92.48416981190928,10.448735144577185
Texas,2025,5,59054,92.58305957259458,10.448885765570495
Texas,2025,6,68832,90.13394932589493,10.891409518828452
Texas,2025,7,66091,86.56246690169614,11.622384288329727
Texas,2025,8,61365,84.96048235965127,12.163040821315082
Texas,2025,9,59637,85.8259134429968,12.134522192598554
Texas,2025,10,62406,88.3697080408935,11.501289940069865
Texas,2025,11,50525,89.41316180108856,11.090064324591786
Texas,2025,12,64630,89.0221259477023,11.092085718706484
Texas,2026,1,59226,90.31506432985513,10.738054232938236
Texas,2026,2,52789,88.43319630983729,11.174752315823373
Texas,2026,3,55236,86.1159388804403,11.714018031718444
Texas,2026,5,53599,88.014701766824,11.236655534618183
Texas,2026,6,64469,86.22283578153841,11.633188043866044
Texas,2026,7,63850,85.39702427564605,11.760947533281128
Utah,2020,1,7847,97.85905441570026,8.199439276156493
Utah,2020,2,4422,95.45454545454545,8.872116689280869
Utah,2020,3,13156,98.60899969595623,7.750038005472788
Utah,2020,4,119229,96.67446678241032,8.3599795351802
Utah,2020,5,55364,86.38826674373239,10.70544035835561
Utah,2020,6,25329,83.39452801137035,12.918808480397963
Utah,2020,7,14388,86.29413400055603,11.524569085348903
Utah,2020,8,7887,79.1682515531888,14.376949410422213
Utah,2020,9,4782,76.53701380175659,16.89293182768716
Utah,2020,10,4886,75.58329922226771,17.134875153499795
Utah,2020,11,5259,82.25898459783228,13.795968815364137
Utah,2020,12,8418,87.11095272036114,11.786410073651698
Utah,2021,1,8691,85.82441606259349,12.572718904613968
Utah,2021,2,5889,79.48717948717949,14.321022244863304
Utah,2021,3,5784,79.91009681881052,14.226659751037344
Utah,2021,4,6248,87.0518565941101,11.683098591549296
Utah,2021,5,5298,81.50245375613439,12.687051717629295
Utah,2021,6,4402,79.41844616083598,13.80997273966379
Utah,2021,7,4800,84.33333333333334,12.255520833333334
Utah,2021,8,3948,76.77304964539007,14.309777102330294
Utah,2021,9,2789,73.93330942990319,14.329150233058444
Utah,2021,10,2421,87.40190004130525,10.952292441140024
Utah,2021,11,3585,90.8228730822873,9.858437935843794
Utah,2021,12,5181,95.40629222157885,8.81161937849836
Utah,2022,1,6762,96.85004436557232,8.432638272700384
Utah,2022,2,3373,91.22442929143196,9.91832196857397
Utah,2022,3,2767,93.20563787495483,9.505059631369715
Utah,2022,4,2261,95.26758071649712,8.894294559929234
Utah,2022,5,3015,94.72636815920397,9.01044776119403
Utah,2022,6,2678,94.39880507841673,9.182972367438387
Utah,2022,7,2839,93.51884466361395,9.309792180345193
Utah,2022,8,2915,92.21269296740995,9.781646655231562
Utah,2022,9,2457,92.83679283679284,9.600936100936101
Utah,2022,10,2899,93.92894101414281,9.31252155915833
Utah,2022,11,4564,93.58019281332164,9.237401402278703
Utah,2022,12,7108,96.03263927968486,8.532920652785593
Utah,2023,1,9486,96.01518026565465,8.582384566729917
Utah,2023,2,5300,93.67924528301886,9.335566037735848
Utah,2023,3,4629,92.6550010801469,9.65694534456686
Utah,2023,4,4038,95.12134720158494,9.088905398712233
Utah,2023,5,4880,95.49180327868852,8.950922131147541
Utah,2023,6,3799,93.65622532245328,9.372992892866543
Utah,2023,7,3657,94.44900191413727,9.099945310363687
Utah,2023,8,4428,93.94760614272809,9.302619692863596
Utah,2023,9,3324,93.29121540312876,9.504211793020458
Utah,2023,10,4439,94.25546294210407,9.2292182924082
Utah,2023,11,4653,94.69159681925639,9.079411132602623
Utah,2023,12,6539,94.4945710353265,9.022251108732222
Utah,2024,1,9511,93.29197771001998,9.312112291031438
Utah,2024,2,6159,92.12534502354278,9.70181847702549
Utah,2024,3,4323,91.88063844552394,9.816909553550776
Utah,2024,4,4700,93.04255319148936,9.596914893617022
Utah,2024,5,4964,92.7880741337631,9.535153102336825
Utah,2024,6,3878,90.61371841155234,10.091670964414647
Utah,2024,7,4752,92.48737373737373,9.686763468013469
Utah,2024,8,4031,90.82113619449268,9.974075911684446
Utah,2024,9,3793,93.61982599525442,9.532559978908516
Utah,2024,10,4418,94.11498415572657,9.357967406066093
Utah,2024,11,4788,94.27736006683375,9.112155388471178
Utah,2024,12,8348,95.77144226161955,8.696214662194537
Utah,2025,1,9175,95.46594005449592,8.813787465940054
Utah,2025,2,7126,94.09205725512209,9.136472074094863
Utah,2025,3,5184,93.7692901234568,9.432773919753087
Utah,2025,4,4958,92.69866881807181,9.496571198063736
Utah,2025,5,5289,93.91189260729817,9.208829646436
Utah,2025,6,5178,94.03244495944381,9.255117806102742
Utah,2025,7,4667,93.31476323119777,9.467752303406899
Utah,2025,8,4392,92.60018214936248,9.593693078324225
Utah,2025,9,5041,93.5528664947431,9.416088077762348
Utah,2025,10,6396,95.66916823014384,8.748671044402752
Utah,2025,11,5963,93.91246017105483,9.142294147241321
Utah,2025,12,9025,95.8781163434903,8.729916897506925
Utah,2026,1,10994,96.78915772239404,8.430507549572495
Utah,2026,2,6026,93.95950879522071,9.239296382343179
Utah,2026,3,5183,93.88385105151457,9.29741462473471
Utah,2026,4,4789,94.4456045103362,9.132177907705158
Utah,2026,5,5090,94.87229862475442,8.993418467583497
Utah,2026,6,4620,94.8051948051948,9.066883116883117
Utah,2026,7,4475,94.45810055865923,9.198435754189944
Utah,2026,8,4000,94.19999999999999,9.3425
Vermont,2020,1,4022,89.5574341123819,10.783814022874193
Vermont,2020,2,2310,86.83982683982684,11.686796536796537
Vermont,2020,3,9078,96.97069839171624,8.528916060806345
Vermont,2020,4,92486,77.20087364574097,12.395422009817702
Vermont,2020,5,20476,74.23324868138307,15.226704434459855
Vermont,2020,6,7638,81.605132233569,14.463210264467138
Vermont,2020,7,5912,85.94384303112314,12.326539242219216
Vermont,2020,8,2869,81.84036249564308,14.187347507842453
Vermont,2020,9,2088,88.40996168582376,11.889607279693486
Vermont,2020,10,1671,90.5445840813884,11.004787552363855
Vermont,2020,11,2175,92.13793103448276,10.635402298850575
Vermont,2020,12,3815,88.9646133682831,10.941546526867628
Vermont,2021,1,4080,89.77941176470588,11.067401960784315
Vermont,2021,2,3377,79.09387029908203,14.348534201954397
Vermont,2021,3,3840,86.51041666666667,11.269791666666666
Vermont,2021,4,9537,86.51567578903219,11.166928803607004
Vermont,2021,5,3303,71.75295186194369,16.749318801089917
Vermont,2021,6,1958,73.13585291113381,17.426710929519917
Vermont,2021,7,1561,76.9378603459321,14.632286995515695
Vermont,2021,8,1099,72.88444040036397,16.989080982711556
Vermont,2021,9,1540,80.97402597402598,14.256493506493506
Vermont,2021,10,1155,75.4978354978355,15.05887445887446
Vermont,2021,11,1254,75.27910685805422,14.668261562998405
Vermont,2021,12,2359,80.24586689275117,12.90631623569309
Vermont,2022,1,3929,84.42351743446169,12.426953423262917
Vermont,2022,2,2169,79.62194559704933,13.160903642231442
Vermont,2022,3,1548,79.32816537467701,13.39437984496124
Vermont,2022,4,1687,84.58802608180201,11.730290456431534
Vermont,2022,5,1471,83.14072059823249,12.04894629503739
Vermont,2022,6,1300,83.46153846153847,12.210384615384616
Vermont,2022,7,1372,85.13119533527697,11.737609329446064
Vermont,2022,8,957,86.62486938349008,12.067920585161964
Vermont,2022,9,776,74.61340206185567,13.69909793814433
Vermont,2022,10,575,78.6086956521739,15.063478260869566
Vermont,2022,11,1121,88.22479928635147,13.268510258697592
Vermont,2022,12,2118,89.09348441926346,11.945467422096318
Vermont,2023,1,3642,87.89126853377265,12.104612850082372
Vermont,2023,2,1710,86.78362573099415,11.85672514619883
Vermont,2023,3,1513,85.72372769332452,12.687376074025115
Vermont,2023,4,1632,87.25490196078431,12.700674019607844
Vermont,2023,5,2013,85.64331843020368,12.820168902136116
Vermont,2023,6,1259,80.14297061159651,15.805401111993646
Vermont,2023,7,2159,81.33395090319593,13.557433997220935
Vermont,2023,8,1406,68.77667140825035,17.39651493598862
Vermont,2023,9,1039,69.68238691049086,20.63570741097209
Vermont,2023,10,860,72.79069767441861,17.456976744186047
Vermont,2023,11,1189,82.84272497897392,13.410428931875526
Vermont,2023,12,1998,84.43443443443444,13.3003003003003
Vermont,2024,1,3305,80.39334341906202,13.217246596066566
Vermont,2024,2,2019,80.88162456661713,14.268945022288262
Vermont,2024,3,1344,83.70535714285714,14.303199404761905
Vermont,2024,4,1572,81.87022900763358,15.084923664122137
Vermont,2024,5,1541,82.47890979883192,13.511031797534068
Vermont,2024,6,1348,83.23442136498517,13.923961424332344
Vermont,2024,7,1643,84.41874619598296,13.640900791235545
Vermont,2024,8,857,78.76312718786464,15.979579929988331
Vermont,2024,9,752,80.18617021276596,15.485372340425531
Vermont,2024,10,714,78.15126050420169,16.957282913165265
Vermont,2024,11,1217,82.16926869350863,15.803204601479047
Vermont,2024,12,2712,85.54572271386431,13.584808259587021
Vermont,2025,1,3396,85.27679623085983,13.152974087161367
Vermont,2025,2,1955,80.46035805626597,15.09923273657289
Vermont,2025,3,1813,82.90126861555433,13.92250413678985
Vermont,2025,4,1751,82.98115362649914,14.06996002284409
Vermont,2025,5,1690,81.18343195266272,14.209467455621303
Vermont,2025,6,1314,80.74581430745815,14.856164383561644
Vermont,2025,7,1627,82.6060233558697,14.411493546404426
Vermont,2025,8,1374,77.36535662299855,16.354803493449783
Vermont,2025,9,1025,73.46341463414635,16.582439024390244
Vermont,2025,10,1206,75.70480928689885,14.462271973466004
Vermont,2025,11,1338,84.23019431988041,12.295964125560538
Vermont,2025,12,2577,87.07799767171129,11.358556461001164
Vermont,2026,1,3134,85.4818123803446,12.038130185067008
Vermont,2026,2,2020,83.51485148514851,12.049257425742574
Vermont,2026,3,1620,82.90123456790124,12.458024691358025
Vermont,2026,4,1513,82.88169200264376,12.222736285525446
Vermont,2026,5,1943,83.73648996397324,12.238805970149254
Vermont,2026,6,1584,82.00757575757575,12.88415404040404
Vermont,2026,7,969,76.67698658410733,15.359133126934985
Virginia,2020,1,14054,93.49651344812865,9.489504767326029
Virginia,2020,2,10719,91.39845134807352,9.873122492769848
Virginia,2020,3,108358,99.18418575462817,8.625842115948984
Virginia,2020,4,591743,95.57020530872356,8.906338562517849
Virginia,2020,5,197222,93.46776728762511,9.397770025656367
Virginia,2020,6,99088,93.33723558856774,10.031426610689488
Virginia,2020,7,72809,89.86526390968149,10.640367262289002
Virginia,2020,8,32642,92.80374977023467,9.54364009558238
Virginia,2020,9,19756,93.76898157521765,9.242204899777283
Virginia,2020,10,15591,94.47116926431916,8.808511320633698
Virginia,2020,11,15650,93.76996805111821,9.412172523961662
Virginia,2020,12,15946,93.87934278188888,8.87736736485639
Virginia,2021,1,21707,93.34776800110563,9.278274289399732
Virginia,2021,2,17998,93.8548727636404,8.768918768752084
Virginia,2021,3,23155,93.7724033686029,9.607147484344633
Virginia,2021,4,23015,93.03932218118618,9.82194221160113
Virginia,2021,5,17639,89.58557741368558,9.901695107432394
Virginia,2021,6,14066,86.0372529503768,12.708623631451728
Virginia,2021,7,14240,79.41011235955057,14.206706460674157
Virginia,2021,8,12623,82.8566901687396,13.158797433256753
Virginia,2021,9,10780,82.55102040816327,13.008673469387755
Virginia,2021,10,3655,86.51162790697674,11.501504787961697
Virginia,2021,11,7831,95.92644617545652,5.276465330098327
Virginia,2021,12,60926,98.20109641204084,9.271296326691395
Virginia,2022,1,1761,81.88529244747302,12.289040318001136
Virginia,2022,2,4889,73.880139087748,14.874514215586009
Virginia,2022,3,7461,71.65259348612787,17.618013671089667
Virginia,2022,4,4677,87.14988240324995,11.201518067137053
Virginia,2022,5,5248,91.93978658536585,10.029725609756097
Virginia,2022,6,5484,88.60320933625091,10.893690736688548
Virginia,2022,7,8075,87.83900928792569,10.878885448916408
Virginia,2022,8,10963,91.42570464288971,9.970810909422603
Virginia,2022,9,6405,86.65105386416862,11.546604215456675
Virginia,2022,10,3770,84.82758620689656,11.962068965517242
Virginia,2022,11,4525,79.73480662983425,12.45779005524862
Virginia,2022,12,6062,78.30748927746617,13.348647311118443
Virginia,2023,1,7772,70.30365414307771,16.256433350488933
Virginia,2023,2,10211,69.23905592008617,15.875575359905984
Virginia,2023,3,10260,74.29824561403508,14.646783625730993
Virginia,2023,4,8981,82.24028504620865,12.606112905021712
Virginia,2023,5,8316,87.66233766233766,10.841630591630592
Virginia,2023,6,8788,85.11606736458808,11.520141101502048
Virginia,2023,7,7872,87.86839430894308,11.114075203252032
Virginia,2023,8,7470,85.97054886211512,11.512115127175369
Virginia,2023,9,8154,82.10694137846455,12.913478047584007
Virginia,2023,10,7623,81.64764528400892,12.984258166076348
Virginia,2023,11,7009,83.43558282208589,12.427521757740049
Virginia,2023,12,7973,87.72105857268281,11.015803336259877
Virginia,2024,1,11914,94.6701359744838,9.33129091824744
Virginia,2024,2,9218,94.78194836190063,9.218051638099372
Virginia,2024,3,8417,93.90519187358916,9.530889865747891
Virginia,2024,4,8317,95.50318624504028,8.940002404713239
Virginia,2024,5,8969,93.93466384212287,9.351432712677
Virginia,2024,6,7779,94.33089086000771,9.26777220722458
Virginia,2024,7,9738,94.58821113164922,9.023721503388787
Virginia,2024,8,8218,94.14699440253102,9.1375030421027
Virginia,2024,9,7857,93.3816978490518,9.511518391243477
Virginia,2024,10,12117,94.00841792522901,10.583725344557234
Virginia,2024,11,7311,91.88893448228697,10.819108193133633
Virginia,2024,12,8003,92.45283018867924,10.036048981631888
Virginia,2025,1,9718,92.98209508129244,9.70117308088084
Virginia,2025,2,9327,93.21325184946929,9.674064543797577
Virginia,2025,3,10387,92.96235679214404,9.80316742081448
Virginia,2025,4,10503,92.95439398267162,9.68461391983243
Virginia,2025,5,11015,94.58011802088062,9.291103041307307
Virginia,2025,6,11479,94.40717832563811,9.538940674274762
Virginia,2025,7,11087,93.41571209524669,9.734914765040138
Virginia,2025,8,9846,93.58114970546416,9.387924030062969
Virginia,2025,9,9320,94.35622317596567,9.575697424892704
Virginia,2025,10,10114,94.91793553490211,9.296865730670358
Virginia,2025,11,8264,93.44143272023233,9.616590029041626
Virginia,2025,12,9714,93.7101091208565,9.721741815935763
Virginia,2026,1,10859,94.03259968689565,9.578690487153514
Virginia,2026,2,10022,92.86569546996607,10.11589503093195
Virginia,2026,3,10821,94.46446723962664,9.635800757785788
Virginia,2026,4,8830,93.42015855039637,10.112457531143829
Virginia,2026,5,8447,93.78477565999763,9.874689238783
Virginia,2026,6,10045,92.66301642608262,10.197312095569936
Virginia,2026,7,10008,90.8972821742606,10.581384892086332
Virginia,2026,8,8931,91.5686933154182,10.466968984436233
Washington,2020,1,32261,94.51039955364062,8.89986361241127
Washington,2020,2,21566,93.10488732263748,9.293958082166373
Washington,2020,3,112073,98.91320835526844,7.610102344007924
Washington,2020,4,511220,94.65768162434959,8.625506631195963
Washington,2020,5,153509,76.06915555439745,15.68491098241797
Washington,2020,6,72299,75.72442219117829,18.32010124621364
Washington,2020,7,73776,84.4597158967686,13.132122912600304
Washington,2020,8,28257,88.63998301305871,10.866334005733092
Washington,2020,9,21687,92.1427583344861,10.066975607506802
Washington,2020,10,16687,89.74051656978487,10.2537304488524
Washington,2020,11,22167,92.90386610727658,9.364415572698155
Washington,2020,12,26556,89.42988401867751,10.346738966711854
Washington,2021,1,25220,88.55670103092783,11.927042030134814
Washington,2021,2,17810,82.9365524985963,14.644048287478945
Washington,2021,3,24094,77.0067236656429,16.715489333444012
Washington,2021,4,18742,94.26421940027745,9.12552022196137
Washington,2021,5,15624,91.44905273937532,9.65495391705069
Washington,2021,6,29002,95.59685538928349,8.878732501206814
Washington,2021,7,26215,90.92504291436201,9.774670989891284
Washington,2021,8,14795,82.54815816154107,12.528354173707333
Washington,2021,9,11403,88.87134964483032,11.068622292379198
Washington,2021,10,13249,87.833044003321,11.025360404558835
Washington,2021,11,15281,92.46777043387213,9.500425364832145
Washington,2021,12,23373,85.898258674539,13.264129551191546
Washington,2022,1,32560,87.39557739557739,11.715724815724815
Washington,2022,2,18248,83.83384480491013,12.3231313020605
Washington,2022,3,17811,87.05294480938745,11.231766885632474
Washington,2022,4,13389,93.54694151915753,9.406975875718874
Washington,2022,5,12419,92.479265641356,9.530558015943313
Washington,2022,6,12710,90.3855232100708,10.091581431943352
Washington,2022,7,13459,90.22958615053123,10.099190132996508
Washington,2022,8,14360,87.13091922005572,11.228029247910863
Washington,2022,9,12956,84.9567767829577,11.914286816918802
Washington,2022,10,12880,81.50621118012423,13.552212732919255
Washington,2022,11,18372,83.56738515131723,12.213558676246462
Washington,2022,12,25389,83.40619953523179,12.854247902634999
Washington,2023,1,31698,83.7119061139504,13.375197173323238
Washington,2023,2,24801,75.94855046167494,15.74039353251885
Washington,2023,3,24728,74.48641216434811,15.938591879650598
Washington,2023,4,20337,78.65958597629935,14.354845847470129
Washington,2023,5,21198,76.64402302103971,15.31965279743372
Washington,2023,6,20815,78.22723997117464,14.911674273360557
Washington,2023,7,21063,81.21825001186916,13.09015809713716
Washington,2023,8,21157,80.09169541995557,13.129673394148508
Washington,2023,9,17311,83.25919935301253,13.602795910114956
Washington,2023,10,19488,81.61432676518884,14.575995484400657
Washington,2023,11,22405,84.89176523097522,12.94539165364874
Washington,2023,12,28265,82.4305678400849,13.6407040509464
Washington,2024,1,35097,84.82491381029718,13.271932073966436
Washington,2024,2,27323,76.5179519086484,16.208395856970316
Washington,2024,3,30243,73.92454452269946,15.784991568296796
Washington,2024,4,23111,82.38501146640128,11.952403617325084
Washington,2024,5,21362,90.94185937646287,9.979894204662484
Washington,2024,6,18596,89.03527640352765,10.400865777586578
Washington,2024,7,22312,88.0467909645034,10.345822875582646
Washington,2024,8,20122,84.17652320842859,11.17977835205248
Washington,2024,9,18280,85.73851203501094,11.44488512035011
Washington,2024,10,22793,82.98600447505812,12.58583775720616
Washington,2024,11,25203,85.17636789271118,11.466254017378883
Washington,2024,12,36669,86.83629223594862,10.96959284409174
Washington,2025,1,38860,88.04426145136387,10.462635100360268
Washington,2025,2,29600,87.25675675675676,10.529206081081082
Washington,2025,3,25526,85.16806393481157,11.94468385175899
Washington,2025,4,24879,81.79187266369226,13.381144740544235
Washington,2025,5,22694,83.12329250022033,13.032717899004142
Washington,2025,6,20778,85.62903070555396,12.830084704976418
Washington,2025,7,25458,87.6816717731165,12.68866368135753
Washington,2025,8,23038,84.41270943658303,14.765452730271726
Washington,2025,9,19695,88.30159939070829,12.472201066260473
Washington,2025,10,24120,92.11857379767827,10.243159203980099
Washington,2025,11,28553,93.13557244422653,9.99420376142612
Washington,2025,12,36418,90.026909769894,11.441690922071503
Washington,2026,1,36595,92.14373548298947,10.117843967755158
Washington,2026,2,27448,91.58408627222384,9.950907169921306
Washington,2026,3,27455,89.48461118193407,11.466089965397924
Washington,2026,4,22800,86.18421052631578,14.066425438596491
Washington,2026,5,23676,84.61733400912316,14.840767021456328
Washington,2026,6,22618,82.7615173755416,15.008466707931737
Washington,2026,7,26639,81.8273959232704,15.118379068283344
Washington,2026,8,25013,81.89741334506057,13.450105944908648
West Virginia,2020,1,12861,94.33170048985305,9.369178135448255
West Virginia,2020,2,7331,94.48915564043105,9.158641385895512
West Virginia,2020,3,7331,94.48915564043105,9.158641385895512
West Virginia,2020,4,124608,92.11687853107344,10.138217449922958
West Virginia,2020,5,45344,76.29675370501059,13.81882939308398
West Virginia,2020,6,18079,81.75784058852813,15.023535593782842
West Virginia,2020,7,9257,88.60321918548125,11.022577508912175
West Virginia,2020,8,6074,86.00592690154758,11.59096147513994
West Virginia,2020,9,4468,87.55595344673232,11.217211280214862
West Virginia,2020,10,3658,89.20174958993987,10.695735374521597
West Virginia,2020,11,4314,90.89012517385258,9.945294390356977
West Virginia,2020,12,7581,91.12254320010553,10.054148529217782
West Virginia,2021,1,9588,90.16478931998331,10.246662494785149
West Virginia,2021,2,7586,88.1624044292117,10.71823095175323
West Virginia,2021,3,5165,87.78315585672797,10.939399806389158
West Virginia,2021,4,5666,92.58736321920226,9.556300741263678
West Virginia,2021,5,4379,88.51335921443251,10.740237497145467
West Virginia,2021,6,4425,85.78531073446327,11.579661016949153
West Virginia,2021,7,4221,89.33901918976545,10.606372897417673
West Virginia,2021,8,3613,90.34043730971491,10.324384168281206
West Virginia,2021,9,2323,87.94662074903142,10.65002152389152
West Virginia,2021,10,1967,90.44229791560753,10.33960345704118
West Virginia,2021,11,2904,92.4586776859504,9.482093663911845
West Virginia,2021,12,4166,93.15890542486798,9.53900624099856
West Virginia,2022,1,7306,92.99206131946346,9.63735286066247
West Virginia,2022,2,5158,89.27879022877084,10.469271035284994
West Virginia,2022,3,2951,89.35953913927483,10.50965774313792
West Virginia,2022,4,2391,92.30447511501464,9.860309493935592
West Virginia,2022,5,2529,92.13127718465796,9.492289442467378
West Virginia,2022,6,3346,92.46861924686193,9.600567842199641
West Virginia,2022,7,2366,88.25021132713441,10.758664412510566
West Virginia,2022,8,2955,85.75296108291032,11.017258883248731
West Virginia,2022,9,1810,88.83977900552486,11.180662983425414
West Virginia,2022,10,2095,93.0310262529833,9.9381861575179
West Virginia,2022,11,3207,93.88836919239164,9.345182413470534
West Virginia,2022,12,4818,93.3582399335824,9.48360315483603
West Virginia,2023,1,7623,93.61143906598453,9.517709563164109
West Virginia,2023,2,4308,91.991643454039,9.894034354688952
West Virginia,2023,3,3097,92.8640619954795,9.850500484339683
West Virginia,2023,4,2247,92.25634178905207,9.884290164663996
West Virginia,2023,5,2893,94.02004839267197,9.339958520566885
West Virginia,2023,6,3713,94.20953406948558,9.482897926205226
West Virginia,2023,7,3252,90.40590405904058,10.017066420664207
West Virginia,2023,8,3016,92.8050397877984,9.751160477453581
West Virginia,2023,9,2158,94.62465245597775,9.495366079703428
West Virginia,2023,10,2270,94.97797356828194,9.450440528634362
West Virginia,2023,11,2976,93.34677419354838,9.386256720430108
West Virginia,2023,12,4774,94.44909928780896,9.381441139505656
West Virginia,2024,1,9073,92.6705610051802,9.747161908960653
West Virginia,2024,2,4804,90.04995836802664,10.163405495420482
West Virginia,2024,3,3424,93.22429906542055,9.590391355140186
West Virginia,2024,4,3385,93.55982274741507,9.527178729689808
West Virginia,2024,5,3155,94.04120443740095,9.227258320126783
West Virginia,2024,6,3239,92.77554800864465,9.729083050324174
West Virginia,2024,7,3476,91.57077100115075,10.005322209436134
West Virginia,2024,8,2317,92.49028916702633,9.832973672852827
West Virginia,2024,9,2208,94.20289855072464,9.515172101449275
West Virginia,2024,10,2623,94.66260007624857,9.533739992375143
West Virginia,2024,11,2748,93.99563318777294,9.551128093158662
West Virginia,2024,12,5534,93.964582580412,9.495663173111673
West Virginia,2025,1,10767,90.37800687285224,10.126683384415344
West Virginia,2025,2,4901,88.2268924709243,10.63374821465007
West Virginia,2025,3,3183,91.95727301288092,10.029531888155828
West Virginia,2025,4,2613,93.76195943360123,9.553004209720628
West Virginia,2025,5,2359,94.61636286562103,9.56358626536668
West Virginia,2025,6,3327,91.46378118425007,9.917342951608056
West Virginia,2025,7,3760,89.49468085106383,10.33218085106383
West Virginia,2025,8,2541,94.13616686343958,9.45159386068477
West Virginia,2025,9,2389,94.93511929677689,9.430305567182922
West Virginia,2025,10,2413,94.73684210526315,9.525279734769995
West Virginia,2025,11,2402,94.33805162364696,9.23917568692756
West Virginia,2026,1,7336,89.8854961832061,10.312704471101418
West Virginia,2026,2,6478,90.10497066995985,10.121719666563754
West Virginia,2026,3,2986,88.68050904219692,10.53533154722036
West Virginia,2026,4,2502,93.56514788169464,9.559552358113509
West Virginia,2026,5,2187,92.68404206675812,9.765203475080018
West Virginia,2026,6,3111,93.63548698167791,9.591771134683382
West Virginia,2026,7,2964,91.46423751686909,10.019905533063428
West Virginia,2026,8,2323,93.19845027981059,9.537236332328884
Wisconsin,2020,1,36414,94.92228263854562,8.688869665513264
Wisconsin,2020,2,22765,91.26729628816165,9.624335602899187
Wisconsin,2020,3,52879,97.89141246997863,7.901057130429849
Wisconsin,2020,4,366778,90.97928447180583,9.642444475950029
Wisconsin,2020,5,72426,66.61834147957916,20.752222958606026
Wisconsin,2020,6,30839,85.18110185155162,14.460001945588377
Wisconsin,2020,7,23191,92.51864947608986,9.202621706696563
Wisconsin,2020,8,18145,94.04794709286305,8.978230917608157
Wisconsin,2020,9,16393,92.4235954370768,9.313944976514366
Wisconsin,2020,10,17279,92.58058915446496,9.568869726257306
Wisconsin,2020,11,24680,91.43841166936791,10.297163695299838
Wisconsin,2020,12,61508,86.4196527281004,11.735172660466931
Wisconsin,2021,1,33546,88.82430095987598,10.931109521254397
Wisconsin,2021,2,12959,87.09776988965197,11.735704915502739
Wisconsin,2021,3,11902,87.51470341119139,10.298773315409175
Wisconsin,2021,4,11270,93.79769299023958,9.03362910381544
Wisconsin,2021,5,8029,88.60381118445635,10.626229916552496
Wisconsin,2021,6,6890,91.36429608127722,9.999056603773585
Wisconsin,2021,7,6180,91.7799352750809,9.741666666666667
Wisconsin,2021,8,5755,91.98957428323197,9.493310165073849
Wisconsin,2021,9,7912,92.50505561172902,9.395412032355916
Wisconsin,2021,10,8429,89.4174872464112,10.129493415589037
Wisconsin,2021,11,13536,92.16164302600473,9.60084219858156
Wisconsin,2021,12,22445,95.08130986856762,8.80211628425039
Wisconsin,2022,1,30066,95.71609126588173,8.661511341714894
Wisconsin,2022,2,17777,93.23282893626596,9.558080666029138
Wisconsin,2022,3,13288,93.29470198675497,9.85362733293197
Wisconsin,2022,4,9846,92.78894982734104,9.811497054641478
Wisconsin,2022,5,7677,91.02514002865702,10.254526507750423
Wisconsin,2022,6,12123,93.81341252165306,9.487998020292007
Wisconsin,2022,7,11255,92.76765881830298,9.771834740115505
Wisconsin,2022,8,9809,92.19084514221633,9.834029972474259
Wisconsin,2022,9,7140,89.80392156862746,10.495378151260503
Wisconsin,2022,10,7112,92.0838020247469,9.982142857142858
Wisconsin,2022,11,11156,94.0301183219792,9.24798314808175
Wisconsin,2022,12,20554,95.48019850150821,8.88931594823392
Wisconsin,2023,1,30577,95.16957190044805,8.949733459790039
Wisconsin,2023,2,18641,91.93712783648947,9.882919371278366
Wisconsin,2023,3,13691,92.52063399313417,9.95157402673289
Wisconsin,2023,4,10603,92.94539281335472,9.77388474959917
Wisconsin,2023,5,9718,92.76600123482199,9.699115044247788
Wisconsin,2023,6,13104,94.00946275946276,9.352335164835164
Wisconsin,2023,7,12889,92.62161533090232,9.68919233454884
Wisconsin,2023,8,10270,91.22687439143135,10.206815968841285
Wisconsin,2023,9,7883,90.9552200938729,10.395154129138653
Wisconsin,2023,10,8658,92.64264264264264,9.693289443289443
Wisconsin,2023,11,12057,93.13262005473999,9.485029443476819
Wisconsin,2023,12,19811,95.4772601080208,8.85477764878098
Wisconsin,2024,1,33473,95.45006423087264,8.897843037672153
Wisconsin,2024,2,19219,92.72074509599875,9.667074249440658
Wisconsin,2024,3,13077,92.77357192016518,9.833027452779689
Wisconsin,2024,4,12790,93.41673182173574,9.564581704456607
Wisconsin,2024,5,9782,91.98527908403189,9.962942138621958
Wisconsin,2024,6,13416,94.10405485986881,9.3125
Wisconsin,2024,7,15968,92.50375751503006,9.633548346693386
Wisconsin,2024,8,11205,90.5310129406515,10.341008478357876
Wisconsin,2024,9,11155,93.0703720304796,9.816494845360825
Wisconsin,2024,10,10258,92.41567557028661,9.978699551569507
Wisconsin,2024,11,10797,92.5720107437251,9.733629711957025
Wisconsin,2024,12,22793,95.72675821524153,8.770543587943667
Wisconsin,2025,1,29976,95.21283693621564,9.03107485988791
Wisconsin,2025,2,17485,93.74320846439805,9.445095796396911
Wisconsin,2025,3,13020,93.77112135176652,9.56363287250384
Wisconsin,2025,4,10251,92.81045751633987,9.820554092283679
Wisconsin,2025,5,8484,92.22065063649222,9.87918434700613
Wisconsin,2025,6,12521,94.8007347655938,9.11680376966696
Wisconsin,2025,7,12879,93.37681497010637,9.475813339544995
Wisconsin,2025,8,9516,92.25514922236235,9.93017023959647
Wisconsin,2025,9,7765,91.48744365743721,10.108306503541533
Wisconsin,2025,10,8510,92.82021151586369,9.708695652173914
Wisconsin,2025,11,9545,92.69774751178628,9.630277632268204
Wisconsin,2025,12,22146,96.00830849814865,8.664092838435835
Wisconsin,2026,1,25821,94.93048294024243,8.976317725882033
Wisconsin,2026,2,17432,94.38389169343736,9.2471317117944
Wisconsin,2026,3,11467,93.39844771954303,9.62269992151391
Wisconsin,2026,4,8858,93.32806502596523,9.559268457891172
Wisconsin,2026,5,7478,91.69564054560043,10.10805028082375
Wisconsin,2026,6,12667,95.57116917975843,8.915962737822689
Wisconsin,2026,7,10884,93.67879456082323,9.396177875780962
Wyoming,2020,1,2602,97.69408147578785,8.11587240584166
Wyoming,2020,2,1949,97.69112365315547,8.235248845561827
Wyoming,2020,3,3409,99.00264007040188,7.72103256086829
Wyoming,2020,4,20960,98.14408396946564,8.18172709923664
Wyoming,2020,5,8616,89.34540389972145,10.171483286908078
Wyoming,2020,6,5820,80.893470790378,13.34286941580756
Wyoming,2020,7,3912,82.08077709611452,12.435838445807772
Wyoming,2020,8,2038,85.18155053974485,11.579244357212954
Wyoming,2020,9,1639,89.38377059182429,10.198291641244662
Wyoming,2020,10,1332,94.06906906906907,9.19069069069069
Wyoming,2020,11,1656,93.29710144927536,9.245471014492754
Wyoming,2020,12,2622,92.41037376048817,9.293096872616323
Wyoming,2021,1,2955,92.7580372250423,9.37191201353638
Wyoming,2021,2,2452,93.71941272430668,9.143352365415987
Wyoming,2021,3,1650,94.78787878787878,9.274848484848485
Wyoming,2021,4,2020,95.94059405940594,8.648019801980197
Wyoming,2021,5,1358,94.10898379970544,9.018041237113403
Wyoming,2021,6,1143,95.2755905511811,9.02318460192476
Wyoming,2021,7,953,97.06190975865687,8.489506820566632
Wyoming,2021,8,748,93.58288770053476,9.441176470588236
Wyoming,2021,9,616,94.48051948051948,9.88961038961039
Wyoming,2021,10,757,95.3764861294584,9.083883751651255
Wyoming,2021,11,1420,96.40845070422536,8.540845070422534
Wyoming,2021,12,1559,97.17767799871713,8.446119307248235
Wyoming,2022,1,2228,98.02513464991023,8.153725314183124
Wyoming,2022,2,1321,97.35049205147615,8.353898561695685
Wyoming,2022,3,1187,95.70345408593091,8.855939342881213
Wyoming,2022,4,1015,97.24137931034483,8.45320197044335
Wyoming,2022,5,840,95.47619047619048,8.863690476190476
Wyoming,2022,6,870,95.97701149425288,8.64022988505747
Wyoming,2022,7,709,94.64033850493652,9.33638928067701
Wyoming,2022,8,742,95.95687331536388,8.991913746630727
Wyoming,2022,9,497,93.56136820925553,9.214285714285714
Wyoming,2022,10,738,95.39295392953929,9.213414634146341
Wyoming,2022,11,1438,96.03616133518777,8.530250347705145
Wyoming,2022,12,1547,95.21654815772462,8.77698771816419
Wyoming,2023,1,2144,96.54850746268657,8.485774253731343
Wyoming,2023,2,1366,95.2415812591508,8.898243045387995
Wyoming,2023,3,1123,94.30097951914514,9.071682991985753
Wyoming,2023,4,997,95.58676028084253,8.818455366098295
Wyoming,2023,5,912,86.51315789473685,10.893092105263158
Wyoming,2023,6,863,88.64426419466976,10.667439165701042
Wyoming,2023,7,759,87.74703557312253,10.451910408432148
Wyoming,2023,8,703,87.76671408250355,10.805120910384069
Wyoming,2023,9,596,84.8993288590604,11.251677852348994
Wyoming,2023,10,951,91.37749737118823,9.84279705573081
Wyoming,2023,11,1314,91.32420091324201,9.747716894977168
Wyoming,2023,12,1580,93.16455696202532,9.442405063291138
Wyoming,2024,1,2536,94.04574132492114,9.205244479495269
Wyoming,2024,2,1310,90.45801526717557,10.091603053435115
Wyoming,2024,3,965,87.7720207253886,10.88497409326425
Wyoming,2024,4,1207,91.6321458160729,9.667771333885668
Wyoming,2024,5,893,90.36954087346024,10.34602463605823
Wyoming,2024,6,859,91.61816065192085,9.869033760186262
Wyoming,2024,7,812,88.42364532019704,10.429802955665025
Wyoming,2024,8,680,85.73529411764706,11.236029411764706
Wyoming,2024,9,647,88.09891808346212,11.050231839258114
Wyoming,2024,10,1141,90.97283085013146,9.748028045574058
Wyoming,2024,11,1456,91.27747252747253,9.753090659340659
Wyoming,2024,12,1905,91.81102362204724,9.588713910761156
Wyoming,2025,1,2395,94.73903966597076,8.850939457202506
Wyoming,2025,2,1375,92.87272727272727,9.14109090909091
Wyoming,2025,3,1038,85.83815028901735,11.092003853564547
Wyoming,2025,4,1193,88.60016764459347,10.565381391450126
Wyoming,2025,5,1014,86.48915187376726,10.940828402366863
Wyoming,2025,6,976,87.90983606557377,10.890881147540984
Wyoming,2025,7,899,86.09566184649611,10.886540600667407
Wyoming,2025,8,711,89.31082981715893,10.562587904360056
Wyoming,2025,9,802,86.53366583541147,11.111596009975063
Wyoming,2025,10,1225,90.53061224489795,10.166530612244898
Wyoming,2025,11,1391,90.72609633357297,9.934219985621855
Wyoming,2025,12,1839,91.2452419793366,9.732191408374117
Wyoming,2026,1,2134,91.70571696344892,9.470009372071228
Wyoming,2026,2,1325,88.67924528301887,10.46679245283019
Wyoming,2026,3,835,76.2874251497006,18.276047904191618
Wyoming,2026,4,863,75.66628041714948,18.136152954808807
Wyoming,2026,5,817,87.76009791921665,10.616279069767442
Wyoming,2026,6,955,89.21465968586388,10.286387434554975
Wyoming,2026,7,792,87.37373737373737,10.657828282828282
Wyoming,2026,8,632,87.0253164556962,11.04509493670886
